,Simulation,Category,Object,Parameter,Data File
0,DAY_AHEAD,Area,1,MW Load,DAY_AHEAD_load.csv
1,REAL_TIME,Area,1,MW Load,REAL_TIME_load.csv
2,DAY_AHEAD,Area,2,MW Load,DAY_AHEAD_load.csv
3,REAL_TIME,Area,2,MW Load,REAL_TIME_load.csv
4,DAY_AHEAD,Area,3,MW Load,DAY_AHEAD_load.csv
5,REAL_TIME,Area,3,MW Load,REAL_TIME_load.csv
6,DAY_AHEAD,Area,4,MW Load,DAY_AHEAD_load.csv
7,REAL_TIME,Area,4,MW Load,REAL_TIME_load.csv
8,DAY_AHEAD,Area,5,MW Load,DAY_AHEAD_load.csv
9,REAL_TIME,Area,5,MW Load,REAL_TIME_load.csv
10,DAY_AHEAD,Area,6,MW Load,DAY_AHEAD_load.csv
11,REAL_TIME,Area,6,MW Load,REAL_TIME_load.csv
12,DAY_AHEAD,Area,7,MW Load,DAY_AHEAD_load.csv
13,REAL_TIME,Area,7,MW Load,REAL_TIME_load.csv
14,DAY_AHEAD,Area,8,MW Load,DAY_AHEAD_load.csv
15,REAL_TIME,Area,8,MW Load,REAL_TIME_load.csv
16,DAY_AHEAD,Area,9,MW Load,DAY_AHEAD_load.csv
17,REAL_TIME,Area,9,MW Load,REAL_TIME_load.csv
18,DAY_AHEAD,Area,10,MW Load,DAY_AHEAD_load.csv
19,REAL_TIME,Area,10,MW Load,REAL_TIME_load.csv
20,DAY_AHEAD,Area,11,MW Load,DAY_AHEAD_load.csv
21,REAL_TIME,Area,11,MW Load,REAL_TIME_load.csv
22,DAY_AHEAD,Area,12,MW Load,DAY_AHEAD_load.csv
23,REAL_TIME,Area,12,MW Load,REAL_TIME_load.csv
24,DAY_AHEAD,Area,13,MW Load,DAY_AHEAD_load.csv
25,REAL_TIME,Area,13,MW Load,REAL_TIME_load.csv
26,DAY_AHEAD,Area,14,MW Load,DAY_AHEAD_load.csv
27,REAL_TIME,Area,14,MW Load,REAL_TIME_load.csv
28,DAY_AHEAD,Area,15,MW Load,DAY_AHEAD_load.csv
29,REAL_TIME,Area,15,MW Load,REAL_TIME_load.csv
30,DAY_AHEAD,Area,16,MW Load,DAY_AHEAD_load.csv
31,REAL_TIME,Area,16,MW Load,REAL_TIME_load.csv
32,DAY_AHEAD,Area,17,MW Load,DAY_AHEAD_load.csv
33,REAL_TIME,Area,17,MW Load,REAL_TIME_load.csv
34,DAY_AHEAD,Area,18,MW Load,DAY_AHEAD_load.csv
35,REAL_TIME,Area,18,MW Load,REAL_TIME_load.csv
36,DAY_AHEAD,Area,19,MW Load,DAY_AHEAD_load.csv
37,REAL_TIME,Area,19,MW Load,REAL_TIME_load.csv
38,DAY_AHEAD,Area,20,MW Load,DAY_AHEAD_load.csv
39,REAL_TIME,Area,20,MW Load,REAL_TIME_load.csv
40,DAY_AHEAD,Area,21,MW Load,DAY_AHEAD_load.csv
41,REAL_TIME,Area,21,MW Load,REAL_TIME_load.csv
42,DAY_AHEAD,Area,22,MW Load,DAY_AHEAD_load.csv
43,REAL_TIME,Area,22,MW Load,REAL_TIME_load.csv
44,DAY_AHEAD,Area,23,MW Load,DAY_AHEAD_load.csv
45,REAL_TIME,Area,23,MW Load,REAL_TIME_load.csv
46,DAY_AHEAD,Area,24,MW Load,DAY_AHEAD_load.csv
47,REAL_TIME,Area,24,MW Load,REAL_TIME_load.csv
48,DAY_AHEAD,Area,25,MW Load,DAY_AHEAD_load.csv
49,REAL_TIME,Area,25,MW Load,REAL_TIME_load.csv
50,DAY_AHEAD,Area,26,MW Load,DAY_AHEAD_load.csv
51,REAL_TIME,Area,26,MW Load,REAL_TIME_load.csv
52,DAY_AHEAD,Area,27,MW Load,DAY_AHEAD_load.csv
53,REAL_TIME,Area,27,MW Load,REAL_TIME_load.csv
54,DAY_AHEAD,Area,28,MW Load,DAY_AHEAD_load.csv
55,REAL_TIME,Area,28,MW Load,REAL_TIME_load.csv
56,DAY_AHEAD,Area,29,MW Load,DAY_AHEAD_load.csv
57,REAL_TIME,Area,29,MW Load,REAL_TIME_load.csv
58,DAY_AHEAD,Area,30,MW Load,DAY_AHEAD_load.csv
59,REAL_TIME,Area,30,MW Load,REAL_TIME_load.csv
60,DAY_AHEAD,Area,31,MW Load,DAY_AHEAD_load.csv
61,REAL_TIME,Area,31,MW Load,REAL_TIME_load.csv
62,DAY_AHEAD,Area,32,MW Load,DAY_AHEAD_load.csv
63,REAL_TIME,Area,32,MW Load,REAL_TIME_load.csv
64,DAY_AHEAD,Area,33,MW Load,DAY_AHEAD_load.csv
65,REAL_TIME,Area,33,MW Load,REAL_TIME_load.csv
66,DAY_AHEAD,Area,34,MW Load,DAY_AHEAD_load.csv
67,REAL_TIME,Area,34,MW Load,REAL_TIME_load.csv
68,DAY_AHEAD,Area,35,MW Load,DAY_AHEAD_load.csv
69,REAL_TIME,Area,35,MW Load,REAL_TIME_load.csv
70,DAY_AHEAD,Area,36,MW Load,DAY_AHEAD_load.csv
71,REAL_TIME,Area,36,MW Load,REAL_TIME_load.csv
72,DAY_AHEAD,Area,37,MW Load,DAY_AHEAD_load.csv
73,REAL_TIME,Area,37,MW Load,REAL_TIME_load.csv
74,DAY_AHEAD,Area,38,MW Load,DAY_AHEAD_load.csv
75,REAL_TIME,Area,38,MW Load,REAL_TIME_load.csv
76,DAY_AHEAD,Area,39,MW Load,DAY_AHEAD_load.csv
77,REAL_TIME,Area,39,MW Load,REAL_TIME_load.csv
78,DAY_AHEAD,Area,40,MW Load,DAY_AHEAD_load.csv
79,REAL_TIME,Area,40,MW Load,REAL_TIME_load.csv
80,DAY_AHEAD,Area,41,MW Load,DAY_AHEAD_load.csv
81,REAL_TIME,Area,41,MW Load,REAL_TIME_load.csv
82,DAY_AHEAD,Area,42,MW Load,DAY_AHEAD_load.csv
83,REAL_TIME,Area,42,MW Load,REAL_TIME_load.csv
84,DAY_AHEAD,Area,43,MW Load,DAY_AHEAD_load.csv
85,REAL_TIME,Area,43,MW Load,REAL_TIME_load.csv
86,DAY_AHEAD,Area,44,MW Load,DAY_AHEAD_load.csv
87,REAL_TIME,Area,44,MW Load,REAL_TIME_load.csv
88,DAY_AHEAD,Area,45,MW Load,DAY_AHEAD_load.csv
89,REAL_TIME,Area,45,MW Load,REAL_TIME_load.csv
90,DAY_AHEAD,Area,46,MW Load,DAY_AHEAD_load.csv
91,REAL_TIME,Area,46,MW Load,REAL_TIME_load.csv
92,DAY_AHEAD,Area,47,MW Load,DAY_AHEAD_load.csv
93,REAL_TIME,Area,47,MW Load,REAL_TIME_load.csv
94,DAY_AHEAD,Area,48,MW Load,DAY_AHEAD_load.csv
95,REAL_TIME,Area,48,MW Load,REAL_TIME_load.csv
96,DAY_AHEAD,Area,49,MW Load,DAY_AHEAD_load.csv
97,REAL_TIME,Area,49,MW Load,REAL_TIME_load.csv
98,DAY_AHEAD,Area,50,MW Load,DAY_AHEAD_load.csv
99,REAL_TIME,Area,50,MW Load,REAL_TIME_load.csv
100,DAY_AHEAD,Area,51,MW Load,DAY_AHEAD_load.csv
101,REAL_TIME,Area,51,MW Load,REAL_TIME_load.csv
102,DAY_AHEAD,Area,52,MW Load,DAY_AHEAD_load.csv
103,REAL_TIME,Area,52,MW Load,REAL_TIME_load.csv
104,DAY_AHEAD,Area,53,MW Load,DAY_AHEAD_load.csv
105,REAL_TIME,Area,53,MW Load,REAL_TIME_load.csv
106,DAY_AHEAD,Area,54,MW Load,DAY_AHEAD_load.csv
107,REAL_TIME,Area,54,MW Load,REAL_TIME_load.csv
108,DAY_AHEAD,Area,55,MW Load,DAY_AHEAD_load.csv
109,REAL_TIME,Area,55,MW Load,REAL_TIME_load.csv
110,DAY_AHEAD,Area,56,MW Load,DAY_AHEAD_load.csv
111,REAL_TIME,Area,56,MW Load,REAL_TIME_load.csv
112,DAY_AHEAD,Area,57,MW Load,DAY_AHEAD_load.csv
113,REAL_TIME,Area,57,MW Load,REAL_TIME_load.csv
114,DAY_AHEAD,Area,58,MW Load,DAY_AHEAD_load.csv
115,REAL_TIME,Area,58,MW Load,REAL_TIME_load.csv
116,DAY_AHEAD,Area,59,MW Load,DAY_AHEAD_load.csv
117,REAL_TIME,Area,59,MW Load,REAL_TIME_load.csv
118,DAY_AHEAD,Area,60,MW Load,DAY_AHEAD_load.csv
119,REAL_TIME,Area,60,MW Load,REAL_TIME_load.csv
120,DAY_AHEAD,Area,61,MW Load,DAY_AHEAD_load.csv
121,REAL_TIME,Area,61,MW Load,REAL_TIME_load.csv
122,DAY_AHEAD,Area,62,MW Load,DAY_AHEAD_load.csv
123,REAL_TIME,Area,62,MW Load,REAL_TIME_load.csv
124,DAY_AHEAD,Area,63,MW Load,DAY_AHEAD_load.csv
125,REAL_TIME,Area,63,MW Load,REAL_TIME_load.csv
126,DAY_AHEAD,Area,64,MW Load,DAY_AHEAD_load.csv
127,REAL_TIME,Area,64,MW Load,REAL_TIME_load.csv
128,DAY_AHEAD,Area,65,MW Load,DAY_AHEAD_load.csv
129,REAL_TIME,Area,65,MW Load,REAL_TIME_load.csv
130,DAY_AHEAD,Area,66,MW Load,DAY_AHEAD_load.csv
131,REAL_TIME,Area,66,MW Load,REAL_TIME_load.csv
132,DAY_AHEAD,Area,67,MW Load,DAY_AHEAD_load.csv
133,REAL_TIME,Area,67,MW Load,REAL_TIME_load.csv
134,DAY_AHEAD,Area,68,MW Load,DAY_AHEAD_load.csv
135,REAL_TIME,Area,68,MW Load,REAL_TIME_load.csv
136,DAY_AHEAD,Area,69,MW Load,DAY_AHEAD_load.csv
137,REAL_TIME,Area,69,MW Load,REAL_TIME_load.csv
138,DAY_AHEAD,Area,70,MW Load,DAY_AHEAD_load.csv
139,REAL_TIME,Area,70,MW Load,REAL_TIME_load.csv
140,DAY_AHEAD,Area,71,MW Load,DAY_AHEAD_load.csv
141,REAL_TIME,Area,71,MW Load,REAL_TIME_load.csv
142,DAY_AHEAD,Area,72,MW Load,DAY_AHEAD_load.csv
143,REAL_TIME,Area,72,MW Load,REAL_TIME_load.csv
144,DAY_AHEAD,Area,73,MW Load,DAY_AHEAD_load.csv
145,REAL_TIME,Area,73,MW Load,REAL_TIME_load.csv
146,DAY_AHEAD,Area,74,MW Load,DAY_AHEAD_load.csv
147,REAL_TIME,Area,74,MW Load,REAL_TIME_load.csv
148,DAY_AHEAD,Area,75,MW Load,DAY_AHEAD_load.csv
149,REAL_TIME,Area,75,MW Load,REAL_TIME_load.csv
150,DAY_AHEAD,Area,76,MW Load,DAY_AHEAD_load.csv
151,REAL_TIME,Area,76,MW Load,REAL_TIME_load.csv
152,DAY_AHEAD,Area,77,MW Load,DAY_AHEAD_load.csv
153,REAL_TIME,Area,77,MW Load,REAL_TIME_load.csv
154,DAY_AHEAD,Area,78,MW Load,DAY_AHEAD_load.csv
155,REAL_TIME,Area,78,MW Load,REAL_TIME_load.csv
156,DAY_AHEAD,Area,79,MW Load,DAY_AHEAD_load.csv
157,REAL_TIME,Area,79,MW Load,REAL_TIME_load.csv
158,DAY_AHEAD,Area,80,MW Load,DAY_AHEAD_load.csv
159,REAL_TIME,Area,80,MW Load,REAL_TIME_load.csv
160,DAY_AHEAD,Area,81,MW Load,DAY_AHEAD_load.csv
161,REAL_TIME,Area,81,MW Load,REAL_TIME_load.csv
162,DAY_AHEAD,Area,82,MW Load,DAY_AHEAD_load.csv
163,REAL_TIME,Area,82,MW Load,REAL_TIME_load.csv
164,DAY_AHEAD,Area,83,MW Load,DAY_AHEAD_load.csv
165,REAL_TIME,Area,83,MW Load,REAL_TIME_load.csv
166,DAY_AHEAD,Area,84,MW Load,DAY_AHEAD_load.csv
167,REAL_TIME,Area,84,MW Load,REAL_TIME_load.csv
168,DAY_AHEAD,Area,85,MW Load,DAY_AHEAD_load.csv
169,REAL_TIME,Area,85,MW Load,REAL_TIME_load.csv
170,DAY_AHEAD,Area,86,MW Load,DAY_AHEAD_load.csv
171,REAL_TIME,Area,86,MW Load,REAL_TIME_load.csv
172,DAY_AHEAD,Area,87,MW Load,DAY_AHEAD_load.csv
173,REAL_TIME,Area,87,MW Load,REAL_TIME_load.csv
174,DAY_AHEAD,Area,88,MW Load,DAY_AHEAD_load.csv
175,REAL_TIME,Area,88,MW Load,REAL_TIME_load.csv
176,DAY_AHEAD,Area,89,MW Load,DAY_AHEAD_load.csv
177,REAL_TIME,Area,89,MW Load,REAL_TIME_load.csv
178,DAY_AHEAD,Area,90,MW Load,DAY_AHEAD_load.csv
179,REAL_TIME,Area,90,MW Load,REAL_TIME_load.csv
180,DAY_AHEAD,Area,91,MW Load,DAY_AHEAD_load.csv
181,REAL_TIME,Area,91,MW Load,REAL_TIME_load.csv
182,DAY_AHEAD,Area,92,MW Load,DAY_AHEAD_load.csv
183,REAL_TIME,Area,92,MW Load,REAL_TIME_load.csv
184,DAY_AHEAD,Area,93,MW Load,DAY_AHEAD_load.csv
185,REAL_TIME,Area,93,MW Load,REAL_TIME_load.csv
186,DAY_AHEAD,Area,94,MW Load,DAY_AHEAD_load.csv
187,REAL_TIME,Area,94,MW Load,REAL_TIME_load.csv
188,DAY_AHEAD,Area,95,MW Load,DAY_AHEAD_load.csv
189,REAL_TIME,Area,95,MW Load,REAL_TIME_load.csv
190,DAY_AHEAD,Area,96,MW Load,DAY_AHEAD_load.csv
191,REAL_TIME,Area,96,MW Load,REAL_TIME_load.csv
192,DAY_AHEAD,Area,97,MW Load,DAY_AHEAD_load.csv
193,REAL_TIME,Area,97,MW Load,REAL_TIME_load.csv
194,DAY_AHEAD,Area,98,MW Load,DAY_AHEAD_load.csv
195,REAL_TIME,Area,98,MW Load,REAL_TIME_load.csv
196,DAY_AHEAD,Area,99,MW Load,DAY_AHEAD_load.csv
197,REAL_TIME,Area,99,MW Load,REAL_TIME_load.csv
198,DAY_AHEAD,Area,100,MW Load,DAY_AHEAD_load.csv
199,REAL_TIME,Area,100,MW Load,REAL_TIME_load.csv
200,DAY_AHEAD,Area,101,MW Load,DAY_AHEAD_load.csv
201,REAL_TIME,Area,101,MW Load,REAL_TIME_load.csv
202,DAY_AHEAD,Area,102,MW Load,DAY_AHEAD_load.csv
203,REAL_TIME,Area,102,MW Load,REAL_TIME_load.csv
204,DAY_AHEAD,Area,103,MW Load,DAY_AHEAD_load.csv
205,REAL_TIME,Area,103,MW Load,REAL_TIME_load.csv
206,DAY_AHEAD,Area,104,MW Load,DAY_AHEAD_load.csv
207,REAL_TIME,Area,104,MW Load,REAL_TIME_load.csv
208,DAY_AHEAD,Area,105,MW Load,DAY_AHEAD_load.csv
209,REAL_TIME,Area,105,MW Load,REAL_TIME_load.csv
210,DAY_AHEAD,Area,106,MW Load,DAY_AHEAD_load.csv
211,REAL_TIME,Area,106,MW Load,REAL_TIME_load.csv
212,DAY_AHEAD,Area,107,MW Load,DAY_AHEAD_load.csv
213,REAL_TIME,Area,107,MW Load,REAL_TIME_load.csv
214,DAY_AHEAD,Area,108,MW Load,DAY_AHEAD_load.csv
215,REAL_TIME,Area,108,MW Load,REAL_TIME_load.csv
216,DAY_AHEAD,Area,109,MW Load,DAY_AHEAD_load.csv
217,REAL_TIME,Area,109,MW Load,REAL_TIME_load.csv
218,DAY_AHEAD,Area,110,MW Load,DAY_AHEAD_load.csv
219,REAL_TIME,Area,110,MW Load,REAL_TIME_load.csv
220,DAY_AHEAD,Area,111,MW Load,DAY_AHEAD_load.csv
221,REAL_TIME,Area,111,MW Load,REAL_TIME_load.csv
222,DAY_AHEAD,Area,112,MW Load,DAY_AHEAD_load.csv
223,REAL_TIME,Area,112,MW Load,REAL_TIME_load.csv
224,DAY_AHEAD,Area,113,MW Load,DAY_AHEAD_load.csv
225,REAL_TIME,Area,113,MW Load,REAL_TIME_load.csv
226,DAY_AHEAD,Area,114,MW Load,DAY_AHEAD_load.csv
227,REAL_TIME,Area,114,MW Load,REAL_TIME_load.csv
228,DAY_AHEAD,Area,115,MW Load,DAY_AHEAD_load.csv
229,REAL_TIME,Area,115,MW Load,REAL_TIME_load.csv
230,DAY_AHEAD,Area,116,MW Load,DAY_AHEAD_load.csv
231,REAL_TIME,Area,116,MW Load,REAL_TIME_load.csv
232,DAY_AHEAD,Area,117,MW Load,DAY_AHEAD_load.csv
233,REAL_TIME,Area,117,MW Load,REAL_TIME_load.csv
234,DAY_AHEAD,Area,118,MW Load,DAY_AHEAD_load.csv
235,REAL_TIME,Area,118,MW Load,REAL_TIME_load.csv
236,DAY_AHEAD,Area,119,MW Load,DAY_AHEAD_load.csv
237,REAL_TIME,Area,119,MW Load,REAL_TIME_load.csv
238,DAY_AHEAD,Area,120,MW Load,DAY_AHEAD_load.csv
239,REAL_TIME,Area,120,MW Load,REAL_TIME_load.csv
240,DAY_AHEAD,Area,121,MW Load,DAY_AHEAD_load.csv
241,REAL_TIME,Area,121,MW Load,REAL_TIME_load.csv
242,DAY_AHEAD,Area,122,MW Load,DAY_AHEAD_load.csv
243,REAL_TIME,Area,122,MW Load,REAL_TIME_load.csv
244,DAY_AHEAD,Area,123,MW Load,DAY_AHEAD_load.csv
245,REAL_TIME,Area,123,MW Load,REAL_TIME_load.csv
246,DAY_AHEAD,Generator,19,PMin MW,DAY_AHEAD_wind.csv
247,DAY_AHEAD,Generator,19,PMax MW,DAY_AHEAD_wind.csv
248,REAL_TIME,Generator,19,PMin MW,REAL_TIME_wind.csv
249,REAL_TIME,Generator,19,PMax MW,REAL_TIME_wind.csv
250,DAY_AHEAD,Generator,20,PMin MW,DAY_AHEAD_wind.csv
251,DAY_AHEAD,Generator,20,PMax MW,DAY_AHEAD_wind.csv
252,REAL_TIME,Generator,20,PMin MW,REAL_TIME_wind.csv
253,REAL_TIME,Generator,20,PMax MW,REAL_TIME_wind.csv
254,DAY_AHEAD,Generator,23,PMin MW,DAY_AHEAD_wind.csv
255,DAY_AHEAD,Generator,23,PMax MW,DAY_AHEAD_wind.csv
256,REAL_TIME,Generator,23,PMin MW,REAL_TIME_wind.csv
257,REAL_TIME,Generator,23,PMax MW,REAL_TIME_wind.csv
258,DAY_AHEAD,Generator,24,PMin MW,DAY_AHEAD_wind.csv
259,DAY_AHEAD,Generator,24,PMax MW,DAY_AHEAD_wind.csv
260,REAL_TIME,Generator,24,PMin MW,REAL_TIME_wind.csv
261,REAL_TIME,Generator,24,PMax MW,REAL_TIME_wind.csv
262,DAY_AHEAD,Generator,31,PMin MW,DAY_AHEAD_wind.csv
263,DAY_AHEAD,Generator,31,PMax MW,DAY_AHEAD_wind.csv
264,REAL_TIME,Generator,31,PMin MW,REAL_TIME_wind.csv
265,REAL_TIME,Generator,31,PMax MW,REAL_TIME_wind.csv
266,DAY_AHEAD,Generator,41,PMin MW,DAY_AHEAD_wind.csv
267,DAY_AHEAD,Generator,41,PMax MW,DAY_AHEAD_wind.csv
268,REAL_TIME,Generator,41,PMin MW,REAL_TIME_wind.csv
269,REAL_TIME,Generator,41,PMax MW,REAL_TIME_wind.csv
270,DAY_AHEAD,Generator,52,PMin MW,DAY_AHEAD_wind.csv
271,DAY_AHEAD,Generator,52,PMax MW,DAY_AHEAD_wind.csv
272,REAL_TIME,Generator,52,PMin MW,REAL_TIME_wind.csv
273,REAL_TIME,Generator,52,PMax MW,REAL_TIME_wind.csv
274,DAY_AHEAD,Generator,53,PMin MW,DAY_AHEAD_wind.csv
275,DAY_AHEAD,Generator,53,PMax MW,DAY_AHEAD_wind.csv
276,REAL_TIME,Generator,53,PMin MW,REAL_TIME_wind.csv
277,REAL_TIME,Generator,53,PMax MW,REAL_TIME_wind.csv
278,DAY_AHEAD,Generator,55,PMin MW,DAY_AHEAD_wind.csv
279,DAY_AHEAD,Generator,55,PMax MW,DAY_AHEAD_wind.csv
280,REAL_TIME,Generator,55,PMin MW,REAL_TIME_wind.csv
281,REAL_TIME,Generator,55,PMax MW,REAL_TIME_wind.csv
282,DAY_AHEAD,Generator,63,PMin MW,DAY_AHEAD_wind.csv
283,DAY_AHEAD,Generator,63,PMax MW,DAY_AHEAD_wind.csv
284,REAL_TIME,Generator,63,PMin MW,REAL_TIME_wind.csv
285,REAL_TIME,Generator,63,PMax MW,REAL_TIME_wind.csv
286,DAY_AHEAD,Generator,64,PMin MW,DAY_AHEAD_wind.csv
287,DAY_AHEAD,Generator,64,PMax MW,DAY_AHEAD_wind.csv
288,REAL_TIME,Generator,64,PMin MW,REAL_TIME_wind.csv
289,REAL_TIME,Generator,64,PMax MW,REAL_TIME_wind.csv
290,DAY_AHEAD,Generator,65,PMin MW,DAY_AHEAD_wind.csv
291,DAY_AHEAD,Generator,65,PMax MW,DAY_AHEAD_wind.csv
292,REAL_TIME,Generator,65,PMin MW,REAL_TIME_wind.csv
293,REAL_TIME,Generator,65,PMax MW,REAL_TIME_wind.csv
294,DAY_AHEAD,Generator,68,PMin MW,DAY_AHEAD_wind.csv
295,DAY_AHEAD,Generator,68,PMax MW,DAY_AHEAD_wind.csv
296,REAL_TIME,Generator,68,PMin MW,REAL_TIME_wind.csv
297,REAL_TIME,Generator,68,PMax MW,REAL_TIME_wind.csv
298,DAY_AHEAD,Generator,74,PMin MW,DAY_AHEAD_wind.csv
299,DAY_AHEAD,Generator,74,PMax MW,DAY_AHEAD_wind.csv
300,REAL_TIME,Generator,74,PMin MW,REAL_TIME_wind.csv
301,REAL_TIME,Generator,74,PMax MW,REAL_TIME_wind.csv
302,DAY_AHEAD,Generator,77,PMin MW,DAY_AHEAD_wind.csv
303,DAY_AHEAD,Generator,77,PMax MW,DAY_AHEAD_wind.csv
304,REAL_TIME,Generator,77,PMin MW,REAL_TIME_wind.csv
305,REAL_TIME,Generator,77,PMax MW,REAL_TIME_wind.csv
306,DAY_AHEAD,Generator,78,PMin MW,DAY_AHEAD_wind.csv
307,DAY_AHEAD,Generator,78,PMax MW,DAY_AHEAD_wind.csv
308,REAL_TIME,Generator,78,PMin MW,REAL_TIME_wind.csv
309,REAL_TIME,Generator,78,PMax MW,REAL_TIME_wind.csv
310,DAY_AHEAD,Generator,79,PMin MW,DAY_AHEAD_wind.csv
311,DAY_AHEAD,Generator,79,PMax MW,DAY_AHEAD_wind.csv
312,REAL_TIME,Generator,79,PMin MW,REAL_TIME_wind.csv
313,REAL_TIME,Generator,79,PMax MW,REAL_TIME_wind.csv
314,DAY_AHEAD,Generator,80,PMin MW,DAY_AHEAD_wind.csv
315,DAY_AHEAD,Generator,80,PMax MW,DAY_AHEAD_wind.csv
316,REAL_TIME,Generator,80,PMin MW,REAL_TIME_wind.csv
317,REAL_TIME,Generator,80,PMax MW,REAL_TIME_wind.csv
318,DAY_AHEAD,Generator,81,PMin MW,DAY_AHEAD_wind.csv
319,DAY_AHEAD,Generator,81,PMax MW,DAY_AHEAD_wind.csv
320,REAL_TIME,Generator,81,PMin MW,REAL_TIME_wind.csv
321,REAL_TIME,Generator,81,PMax MW,REAL_TIME_wind.csv
322,DAY_AHEAD,Generator,82,PMin MW,DAY_AHEAD_wind.csv
323,DAY_AHEAD,Generator,82,PMax MW,DAY_AHEAD_wind.csv
324,REAL_TIME,Generator,82,PMin MW,REAL_TIME_wind.csv
325,REAL_TIME,Generator,82,PMax MW,REAL_TIME_wind.csv
326,DAY_AHEAD,Generator,83,PMin MW,DAY_AHEAD_wind.csv
327,DAY_AHEAD,Generator,83,PMax MW,DAY_AHEAD_wind.csv
328,REAL_TIME,Generator,83,PMin MW,REAL_TIME_wind.csv
329,REAL_TIME,Generator,83,PMax MW,REAL_TIME_wind.csv
330,DAY_AHEAD,Generator,84,PMin MW,DAY_AHEAD_wind.csv
331,DAY_AHEAD,Generator,84,PMax MW,DAY_AHEAD_wind.csv
332,REAL_TIME,Generator,84,PMin MW,REAL_TIME_wind.csv
333,REAL_TIME,Generator,84,PMax MW,REAL_TIME_wind.csv
334,DAY_AHEAD,Generator,88,PMin MW,DAY_AHEAD_wind.csv
335,DAY_AHEAD,Generator,88,PMax MW,DAY_AHEAD_wind.csv
336,REAL_TIME,Generator,88,PMin MW,REAL_TIME_wind.csv
337,REAL_TIME,Generator,88,PMax MW,REAL_TIME_wind.csv
338,DAY_AHEAD,Generator,89,PMin MW,DAY_AHEAD_wind.csv
339,DAY_AHEAD,Generator,89,PMax MW,DAY_AHEAD_wind.csv
340,REAL_TIME,Generator,89,PMin MW,REAL_TIME_wind.csv
341,REAL_TIME,Generator,89,PMax MW,REAL_TIME_wind.csv
342,DAY_AHEAD,Generator,90,PMin MW,DAY_AHEAD_wind.csv
343,DAY_AHEAD,Generator,90,PMax MW,DAY_AHEAD_wind.csv
344,REAL_TIME,Generator,90,PMin MW,REAL_TIME_wind.csv
345,REAL_TIME,Generator,90,PMax MW,REAL_TIME_wind.csv
346,DAY_AHEAD,Generator,91,PMin MW,DAY_AHEAD_wind.csv
347,DAY_AHEAD,Generator,91,PMax MW,DAY_AHEAD_wind.csv
348,REAL_TIME,Generator,91,PMin MW,REAL_TIME_wind.csv
349,REAL_TIME,Generator,91,PMax MW,REAL_TIME_wind.csv
350,DAY_AHEAD,Generator,92,PMin MW,DAY_AHEAD_wind.csv
351,DAY_AHEAD,Generator,92,PMax MW,DAY_AHEAD_wind.csv
352,REAL_TIME,Generator,92,PMin MW,REAL_TIME_wind.csv
353,REAL_TIME,Generator,92,PMax MW,REAL_TIME_wind.csv
354,DAY_AHEAD,Generator,95,PMin MW,DAY_AHEAD_wind.csv
355,DAY_AHEAD,Generator,95,PMax MW,DAY_AHEAD_wind.csv
356,REAL_TIME,Generator,95,PMin MW,REAL_TIME_wind.csv
357,REAL_TIME,Generator,95,PMax MW,REAL_TIME_wind.csv
358,DAY_AHEAD,Generator,96,PMin MW,DAY_AHEAD_wind.csv
359,DAY_AHEAD,Generator,96,PMax MW,DAY_AHEAD_wind.csv
360,REAL_TIME,Generator,96,PMin MW,REAL_TIME_wind.csv
361,REAL_TIME,Generator,96,PMax MW,REAL_TIME_wind.csv
362,DAY_AHEAD,Generator,97,PMin MW,DAY_AHEAD_wind.csv
363,DAY_AHEAD,Generator,97,PMax MW,DAY_AHEAD_wind.csv
364,REAL_TIME,Generator,97,PMin MW,REAL_TIME_wind.csv
365,REAL_TIME,Generator,97,PMax MW,REAL_TIME_wind.csv
366,DAY_AHEAD,Generator,99,PMin MW,DAY_AHEAD_wind.csv
367,DAY_AHEAD,Generator,99,PMax MW,DAY_AHEAD_wind.csv
368,REAL_TIME,Generator,99,PMin MW,REAL_TIME_wind.csv
369,REAL_TIME,Generator,99,PMax MW,REAL_TIME_wind.csv
370,DAY_AHEAD,Generator,102,PMin MW,DAY_AHEAD_wind.csv
371,DAY_AHEAD,Generator,102,PMax MW,DAY_AHEAD_wind.csv
372,REAL_TIME,Generator,102,PMin MW,REAL_TIME_wind.csv
373,REAL_TIME,Generator,102,PMax MW,REAL_TIME_wind.csv
374,DAY_AHEAD,Generator,103,PMin MW,DAY_AHEAD_wind.csv
375,DAY_AHEAD,Generator,103,PMax MW,DAY_AHEAD_wind.csv
376,REAL_TIME,Generator,103,PMin MW,REAL_TIME_wind.csv
377,REAL_TIME,Generator,103,PMax MW,REAL_TIME_wind.csv
378,DAY_AHEAD,Generator,104,PMin MW,DAY_AHEAD_wind.csv
379,DAY_AHEAD,Generator,104,PMax MW,DAY_AHEAD_wind.csv
380,REAL_TIME,Generator,104,PMin MW,REAL_TIME_wind.csv
381,REAL_TIME,Generator,104,PMax MW,REAL_TIME_wind.csv
382,DAY_AHEAD,Generator,109,PMin MW,DAY_AHEAD_wind.csv
383,DAY_AHEAD,Generator,109,PMax MW,DAY_AHEAD_wind.csv
384,REAL_TIME,Generator,109,PMin MW,REAL_TIME_wind.csv
385,REAL_TIME,Generator,109,PMax MW,REAL_TIME_wind.csv
386,DAY_AHEAD,Generator,110,PMin MW,DAY_AHEAD_wind.csv
387,DAY_AHEAD,Generator,110,PMax MW,DAY_AHEAD_wind.csv
388,REAL_TIME,Generator,110,PMin MW,REAL_TIME_wind.csv
389,REAL_TIME,Generator,110,PMax MW,REAL_TIME_wind.csv
390,DAY_AHEAD,Generator,113,PMin MW,DAY_AHEAD_wind.csv
391,DAY_AHEAD,Generator,113,PMax MW,DAY_AHEAD_wind.csv
392,REAL_TIME,Generator,113,PMin MW,REAL_TIME_wind.csv
393,REAL_TIME,Generator,113,PMax MW,REAL_TIME_wind.csv
394,DAY_AHEAD,Generator,115,PMin MW,DAY_AHEAD_wind.csv
395,DAY_AHEAD,Generator,115,PMax MW,DAY_AHEAD_wind.csv
396,REAL_TIME,Generator,115,PMin MW,REAL_TIME_wind.csv
397,REAL_TIME,Generator,115,PMax MW,REAL_TIME_wind.csv
398,DAY_AHEAD,Generator,117,PMin MW,DAY_AHEAD_wind.csv
399,DAY_AHEAD,Generator,117,PMax MW,DAY_AHEAD_wind.csv
400,REAL_TIME,Generator,117,PMin MW,REAL_TIME_wind.csv
401,REAL_TIME,Generator,117,PMax MW,REAL_TIME_wind.csv
402,DAY_AHEAD,Generator,119,PMin MW,DAY_AHEAD_wind.csv
403,DAY_AHEAD,Generator,119,PMax MW,DAY_AHEAD_wind.csv
404,REAL_TIME,Generator,119,PMin MW,REAL_TIME_wind.csv
405,REAL_TIME,Generator,119,PMax MW,REAL_TIME_wind.csv
406,DAY_AHEAD,Generator,120,PMin MW,DAY_AHEAD_wind.csv
407,DAY_AHEAD,Generator,120,PMax MW,DAY_AHEAD_wind.csv
408,REAL_TIME,Generator,120,PMin MW,REAL_TIME_wind.csv
409,REAL_TIME,Generator,120,PMax MW,REAL_TIME_wind.csv
410,DAY_AHEAD,Generator,125,PMin MW,DAY_AHEAD_wind.csv
411,DAY_AHEAD,Generator,125,PMax MW,DAY_AHEAD_wind.csv
412,REAL_TIME,Generator,125,PMin MW,REAL_TIME_wind.csv
413,REAL_TIME,Generator,125,PMax MW,REAL_TIME_wind.csv
414,DAY_AHEAD,Generator,128,PMin MW,DAY_AHEAD_wind.csv
415,DAY_AHEAD,Generator,128,PMax MW,DAY_AHEAD_wind.csv
416,REAL_TIME,Generator,128,PMin MW,REAL_TIME_wind.csv
417,REAL_TIME,Generator,128,PMax MW,REAL_TIME_wind.csv
418,DAY_AHEAD,Generator,131,PMin MW,DAY_AHEAD_wind.csv
419,DAY_AHEAD,Generator,131,PMax MW,DAY_AHEAD_wind.csv
420,REAL_TIME,Generator,131,PMin MW,REAL_TIME_wind.csv
421,REAL_TIME,Generator,131,PMax MW,REAL_TIME_wind.csv
422,DAY_AHEAD,Generator,132,PMin MW,DAY_AHEAD_wind.csv
423,DAY_AHEAD,Generator,132,PMax MW,DAY_AHEAD_wind.csv
424,REAL_TIME,Generator,132,PMin MW,REAL_TIME_wind.csv
425,REAL_TIME,Generator,132,PMax MW,REAL_TIME_wind.csv
426,DAY_AHEAD,Generator,133,PMin MW,DAY_AHEAD_wind.csv
427,DAY_AHEAD,Generator,133,PMax MW,DAY_AHEAD_wind.csv
428,REAL_TIME,Generator,133,PMin MW,REAL_TIME_wind.csv
429,REAL_TIME,Generator,133,PMax MW,REAL_TIME_wind.csv
430,DAY_AHEAD,Generator,134,PMin MW,DAY_AHEAD_wind.csv
431,DAY_AHEAD,Generator,134,PMax MW,DAY_AHEAD_wind.csv
432,REAL_TIME,Generator,134,PMin MW,REAL_TIME_wind.csv
433,REAL_TIME,Generator,134,PMax MW,REAL_TIME_wind.csv
434,DAY_AHEAD,Generator,135,PMin MW,DAY_AHEAD_wind.csv
435,DAY_AHEAD,Generator,135,PMax MW,DAY_AHEAD_wind.csv
436,REAL_TIME,Generator,135,PMin MW,REAL_TIME_wind.csv
437,REAL_TIME,Generator,135,PMax MW,REAL_TIME_wind.csv
438,DAY_AHEAD,Generator,136,PMin MW,DAY_AHEAD_wind.csv
439,DAY_AHEAD,Generator,136,PMax MW,DAY_AHEAD_wind.csv
440,REAL_TIME,Generator,136,PMin MW,REAL_TIME_wind.csv
441,REAL_TIME,Generator,136,PMax MW,REAL_TIME_wind.csv
442,DAY_AHEAD,Generator,139,PMin MW,DAY_AHEAD_wind.csv
443,DAY_AHEAD,Generator,139,PMax MW,DAY_AHEAD_wind.csv
444,REAL_TIME,Generator,139,PMin MW,REAL_TIME_wind.csv
445,REAL_TIME,Generator,139,PMax MW,REAL_TIME_wind.csv
446,DAY_AHEAD,Generator,140,PMin MW,DAY_AHEAD_wind.csv
447,DAY_AHEAD,Generator,140,PMax MW,DAY_AHEAD_wind.csv
448,REAL_TIME,Generator,140,PMin MW,REAL_TIME_wind.csv
449,REAL_TIME,Generator,140,PMax MW,REAL_TIME_wind.csv
450,DAY_AHEAD,Generator,141,PMin MW,DAY_AHEAD_wind.csv
451,DAY_AHEAD,Generator,141,PMax MW,DAY_AHEAD_wind.csv
452,REAL_TIME,Generator,141,PMin MW,REAL_TIME_wind.csv
453,REAL_TIME,Generator,141,PMax MW,REAL_TIME_wind.csv
454,DAY_AHEAD,Generator,143,PMin MW,DAY_AHEAD_wind.csv
455,DAY_AHEAD,Generator,143,PMax MW,DAY_AHEAD_wind.csv
456,REAL_TIME,Generator,143,PMin MW,REAL_TIME_wind.csv
457,REAL_TIME,Generator,143,PMax MW,REAL_TIME_wind.csv
458,DAY_AHEAD,Generator,145,PMin MW,DAY_AHEAD_wind.csv
459,DAY_AHEAD,Generator,145,PMax MW,DAY_AHEAD_wind.csv
460,REAL_TIME,Generator,145,PMin MW,REAL_TIME_wind.csv
461,REAL_TIME,Generator,145,PMax MW,REAL_TIME_wind.csv
462,DAY_AHEAD,Generator,146,PMin MW,DAY_AHEAD_wind.csv
463,DAY_AHEAD,Generator,146,PMax MW,DAY_AHEAD_wind.csv
464,REAL_TIME,Generator,146,PMin MW,REAL_TIME_wind.csv
465,REAL_TIME,Generator,146,PMax MW,REAL_TIME_wind.csv
466,DAY_AHEAD,Generator,157,PMin MW,DAY_AHEAD_wind.csv
467,DAY_AHEAD,Generator,157,PMax MW,DAY_AHEAD_wind.csv
468,REAL_TIME,Generator,157,PMin MW,REAL_TIME_wind.csv
469,REAL_TIME,Generator,157,PMax MW,REAL_TIME_wind.csv
470,DAY_AHEAD,Generator,159,PMin MW,DAY_AHEAD_wind.csv
471,DAY_AHEAD,Generator,159,PMax MW,DAY_AHEAD_wind.csv
472,REAL_TIME,Generator,159,PMin MW,REAL_TIME_wind.csv
473,REAL_TIME,Generator,159,PMax MW,REAL_TIME_wind.csv
474,DAY_AHEAD,Generator,162,PMin MW,DAY_AHEAD_wind.csv
475,DAY_AHEAD,Generator,162,PMax MW,DAY_AHEAD_wind.csv
476,REAL_TIME,Generator,162,PMin MW,REAL_TIME_wind.csv
477,REAL_TIME,Generator,162,PMax MW,REAL_TIME_wind.csv
478,DAY_AHEAD,Generator,163,PMin MW,DAY_AHEAD_wind.csv
479,DAY_AHEAD,Generator,163,PMax MW,DAY_AHEAD_wind.csv
480,REAL_TIME,Generator,163,PMin MW,REAL_TIME_wind.csv
481,REAL_TIME,Generator,163,PMax MW,REAL_TIME_wind.csv
482,DAY_AHEAD,Generator,169,PMin MW,DAY_AHEAD_wind.csv
483,DAY_AHEAD,Generator,169,PMax MW,DAY_AHEAD_wind.csv
484,REAL_TIME,Generator,169,PMin MW,REAL_TIME_wind.csv
485,REAL_TIME,Generator,169,PMax MW,REAL_TIME_wind.csv
486,DAY_AHEAD,Generator,192,PMin MW,DAY_AHEAD_wind.csv
487,DAY_AHEAD,Generator,192,PMax MW,DAY_AHEAD_wind.csv
488,REAL_TIME,Generator,192,PMin MW,REAL_TIME_wind.csv
489,REAL_TIME,Generator,192,PMax MW,REAL_TIME_wind.csv
490,DAY_AHEAD,Generator,194,PMin MW,DAY_AHEAD_wind.csv
491,DAY_AHEAD,Generator,194,PMax MW,DAY_AHEAD_wind.csv
492,REAL_TIME,Generator,194,PMin MW,REAL_TIME_wind.csv
493,REAL_TIME,Generator,194,PMax MW,REAL_TIME_wind.csv
494,DAY_AHEAD,Generator,199,PMin MW,DAY_AHEAD_wind.csv
495,DAY_AHEAD,Generator,199,PMax MW,DAY_AHEAD_wind.csv
496,REAL_TIME,Generator,199,PMin MW,REAL_TIME_wind.csv
497,REAL_TIME,Generator,199,PMax MW,REAL_TIME_wind.csv
498,DAY_AHEAD,Generator,204,PMin MW,DAY_AHEAD_wind.csv
499,DAY_AHEAD,Generator,204,PMax MW,DAY_AHEAD_wind.csv
500,REAL_TIME,Generator,204,PMin MW,REAL_TIME_wind.csv
501,REAL_TIME,Generator,204,PMax MW,REAL_TIME_wind.csv
502,DAY_AHEAD,Generator,205,PMin MW,DAY_AHEAD_wind.csv
503,DAY_AHEAD,Generator,205,PMax MW,DAY_AHEAD_wind.csv
504,REAL_TIME,Generator,205,PMin MW,REAL_TIME_wind.csv
505,REAL_TIME,Generator,205,PMax MW,REAL_TIME_wind.csv
506,DAY_AHEAD,Generator,206,PMin MW,DAY_AHEAD_wind.csv
507,DAY_AHEAD,Generator,206,PMax MW,DAY_AHEAD_wind.csv
508,REAL_TIME,Generator,206,PMin MW,REAL_TIME_wind.csv
509,REAL_TIME,Generator,206,PMax MW,REAL_TIME_wind.csv
510,DAY_AHEAD,Generator,236,PMin MW,DAY_AHEAD_wind.csv
511,DAY_AHEAD,Generator,236,PMax MW,DAY_AHEAD_wind.csv
512,REAL_TIME,Generator,236,PMin MW,REAL_TIME_wind.csv
513,REAL_TIME,Generator,236,PMax MW,REAL_TIME_wind.csv
514,DAY_AHEAD,Generator,237,PMin MW,DAY_AHEAD_wind.csv
515,DAY_AHEAD,Generator,237,PMax MW,DAY_AHEAD_wind.csv
516,REAL_TIME,Generator,237,PMin MW,REAL_TIME_wind.csv
517,REAL_TIME,Generator,237,PMax MW,REAL_TIME_wind.csv
518,DAY_AHEAD,Generator,245,PMin MW,DAY_AHEAD_wind.csv
519,DAY_AHEAD,Generator,245,PMax MW,DAY_AHEAD_wind.csv
520,REAL_TIME,Generator,245,PMin MW,REAL_TIME_wind.csv
521,REAL_TIME,Generator,245,PMax MW,REAL_TIME_wind.csv
522,DAY_AHEAD,Generator,247,PMin MW,DAY_AHEAD_wind.csv
523,DAY_AHEAD,Generator,247,PMax MW,DAY_AHEAD_wind.csv
524,REAL_TIME,Generator,247,PMin MW,REAL_TIME_wind.csv
525,REAL_TIME,Generator,247,PMax MW,REAL_TIME_wind.csv
526,DAY_AHEAD,Generator,248,PMin MW,DAY_AHEAD_wind.csv
527,DAY_AHEAD,Generator,248,PMax MW,DAY_AHEAD_wind.csv
528,REAL_TIME,Generator,248,PMin MW,REAL_TIME_wind.csv
529,REAL_TIME,Generator,248,PMax MW,REAL_TIME_wind.csv
530,DAY_AHEAD,Generator,249,PMin MW,DAY_AHEAD_wind.csv
531,DAY_AHEAD,Generator,249,PMax MW,DAY_AHEAD_wind.csv
532,REAL_TIME,Generator,249,PMin MW,REAL_TIME_wind.csv
533,REAL_TIME,Generator,249,PMax MW,REAL_TIME_wind.csv
534,DAY_AHEAD,Generator,251,PMin MW,DAY_AHEAD_wind.csv
535,DAY_AHEAD,Generator,251,PMax MW,DAY_AHEAD_wind.csv
536,REAL_TIME,Generator,251,PMin MW,REAL_TIME_wind.csv
537,REAL_TIME,Generator,251,PMax MW,REAL_TIME_wind.csv
538,DAY_AHEAD,Generator,252,PMin MW,DAY_AHEAD_wind.csv
539,DAY_AHEAD,Generator,252,PMax MW,DAY_AHEAD_wind.csv
540,REAL_TIME,Generator,252,PMin MW,REAL_TIME_wind.csv
541,REAL_TIME,Generator,252,PMax MW,REAL_TIME_wind.csv
542,DAY_AHEAD,Generator,266,PMin MW,DAY_AHEAD_wind.csv
543,DAY_AHEAD,Generator,266,PMax MW,DAY_AHEAD_wind.csv
544,REAL_TIME,Generator,266,PMin MW,REAL_TIME_wind.csv
545,REAL_TIME,Generator,266,PMax MW,REAL_TIME_wind.csv
546,DAY_AHEAD,Generator,267,PMin MW,DAY_AHEAD_wind.csv
547,DAY_AHEAD,Generator,267,PMax MW,DAY_AHEAD_wind.csv
548,REAL_TIME,Generator,267,PMin MW,REAL_TIME_wind.csv
549,REAL_TIME,Generator,267,PMax MW,REAL_TIME_wind.csv
550,DAY_AHEAD,Generator,270,PMin MW,DAY_AHEAD_wind.csv
551,DAY_AHEAD,Generator,270,PMax MW,DAY_AHEAD_wind.csv
552,REAL_TIME,Generator,270,PMin MW,REAL_TIME_wind.csv
553,REAL_TIME,Generator,270,PMax MW,REAL_TIME_wind.csv
554,DAY_AHEAD,Generator,272,PMin MW,DAY_AHEAD_wind.csv
555,DAY_AHEAD,Generator,272,PMax MW,DAY_AHEAD_wind.csv
556,REAL_TIME,Generator,272,PMin MW,REAL_TIME_wind.csv
557,REAL_TIME,Generator,272,PMax MW,REAL_TIME_wind.csv
558,DAY_AHEAD,Generator,274,PMin MW,DAY_AHEAD_wind.csv
559,DAY_AHEAD,Generator,274,PMax MW,DAY_AHEAD_wind.csv
560,REAL_TIME,Generator,274,PMin MW,REAL_TIME_wind.csv
561,REAL_TIME,Generator,274,PMax MW,REAL_TIME_wind.csv
562,DAY_AHEAD,Generator,275,PMin MW,DAY_AHEAD_wind.csv
563,DAY_AHEAD,Generator,275,PMax MW,DAY_AHEAD_wind.csv
564,REAL_TIME,Generator,275,PMin MW,REAL_TIME_wind.csv
565,REAL_TIME,Generator,275,PMax MW,REAL_TIME_wind.csv
566,DAY_AHEAD,Generator,279,PMin MW,DAY_AHEAD_wind.csv
567,DAY_AHEAD,Generator,279,PMax MW,DAY_AHEAD_wind.csv
568,REAL_TIME,Generator,279,PMin MW,REAL_TIME_wind.csv
569,REAL_TIME,Generator,279,PMax MW,REAL_TIME_wind.csv
570,DAY_AHEAD,Generator,281,PMin MW,DAY_AHEAD_wind.csv
571,DAY_AHEAD,Generator,281,PMax MW,DAY_AHEAD_wind.csv
572,REAL_TIME,Generator,281,PMin MW,REAL_TIME_wind.csv
573,REAL_TIME,Generator,281,PMax MW,REAL_TIME_wind.csv
574,DAY_AHEAD,Generator,9,PMin MW,DAY_AHEAD_solar.csv
575,DAY_AHEAD,Generator,9,PMax MW,DAY_AHEAD_solar.csv
576,REAL_TIME,Generator,9,PMin MW,REAL_TIME_solar.csv
577,REAL_TIME,Generator,9,PMax MW,REAL_TIME_solar.csv
578,DAY_AHEAD,Generator,17,PMin MW,DAY_AHEAD_solar.csv
579,DAY_AHEAD,Generator,17,PMax MW,DAY_AHEAD_solar.csv
580,REAL_TIME,Generator,17,PMin MW,REAL_TIME_solar.csv
581,REAL_TIME,Generator,17,PMax MW,REAL_TIME_solar.csv
582,DAY_AHEAD,Generator,21,PMin MW,DAY_AHEAD_solar.csv
583,DAY_AHEAD,Generator,21,PMax MW,DAY_AHEAD_solar.csv
584,REAL_TIME,Generator,21,PMin MW,REAL_TIME_solar.csv
585,REAL_TIME,Generator,21,PMax MW,REAL_TIME_solar.csv
586,DAY_AHEAD,Generator,22,PMin MW,DAY_AHEAD_solar.csv
587,DAY_AHEAD,Generator,22,PMax MW,DAY_AHEAD_solar.csv
588,REAL_TIME,Generator,22,PMin MW,REAL_TIME_solar.csv
589,REAL_TIME,Generator,22,PMax MW,REAL_TIME_solar.csv
590,DAY_AHEAD,Generator,29,PMin MW,DAY_AHEAD_solar.csv
591,DAY_AHEAD,Generator,29,PMax MW,DAY_AHEAD_solar.csv
592,REAL_TIME,Generator,29,PMin MW,REAL_TIME_solar.csv
593,REAL_TIME,Generator,29,PMax MW,REAL_TIME_solar.csv
594,DAY_AHEAD,Generator,30,PMin MW,DAY_AHEAD_solar.csv
595,DAY_AHEAD,Generator,30,PMax MW,DAY_AHEAD_solar.csv
596,REAL_TIME,Generator,30,PMin MW,REAL_TIME_solar.csv
597,REAL_TIME,Generator,30,PMax MW,REAL_TIME_solar.csv
598,DAY_AHEAD,Generator,32,PMin MW,DAY_AHEAD_solar.csv
599,DAY_AHEAD,Generator,32,PMax MW,DAY_AHEAD_solar.csv
600,REAL_TIME,Generator,32,PMin MW,REAL_TIME_solar.csv
601,REAL_TIME,Generator,32,PMax MW,REAL_TIME_solar.csv
602,DAY_AHEAD,Generator,33,PMin MW,DAY_AHEAD_solar.csv
603,DAY_AHEAD,Generator,33,PMax MW,DAY_AHEAD_solar.csv
604,REAL_TIME,Generator,33,PMin MW,REAL_TIME_solar.csv
605,REAL_TIME,Generator,33,PMax MW,REAL_TIME_solar.csv
606,DAY_AHEAD,Generator,34,PMin MW,DAY_AHEAD_solar.csv
607,DAY_AHEAD,Generator,34,PMax MW,DAY_AHEAD_solar.csv
608,REAL_TIME,Generator,34,PMin MW,REAL_TIME_solar.csv
609,REAL_TIME,Generator,34,PMax MW,REAL_TIME_solar.csv
610,DAY_AHEAD,Generator,35,PMin MW,DAY_AHEAD_solar.csv
611,DAY_AHEAD,Generator,35,PMax MW,DAY_AHEAD_solar.csv
612,REAL_TIME,Generator,35,PMin MW,REAL_TIME_solar.csv
613,REAL_TIME,Generator,35,PMax MW,REAL_TIME_solar.csv
614,DAY_AHEAD,Generator,36,PMin MW,DAY_AHEAD_solar.csv
615,DAY_AHEAD,Generator,36,PMax MW,DAY_AHEAD_solar.csv
616,REAL_TIME,Generator,36,PMin MW,REAL_TIME_solar.csv
617,REAL_TIME,Generator,36,PMax MW,REAL_TIME_solar.csv
618,DAY_AHEAD,Generator,37,PMin MW,DAY_AHEAD_solar.csv
619,DAY_AHEAD,Generator,37,PMax MW,DAY_AHEAD_solar.csv
620,REAL_TIME,Generator,37,PMin MW,REAL_TIME_solar.csv
621,REAL_TIME,Generator,37,PMax MW,REAL_TIME_solar.csv
622,DAY_AHEAD,Generator,38,PMin MW,DAY_AHEAD_solar.csv
623,DAY_AHEAD,Generator,38,PMax MW,DAY_AHEAD_solar.csv
624,REAL_TIME,Generator,38,PMin MW,REAL_TIME_solar.csv
625,REAL_TIME,Generator,38,PMax MW,REAL_TIME_solar.csv
626,DAY_AHEAD,Generator,39,PMin MW,DAY_AHEAD_solar.csv
627,DAY_AHEAD,Generator,39,PMax MW,DAY_AHEAD_solar.csv
628,REAL_TIME,Generator,39,PMin MW,REAL_TIME_solar.csv
629,REAL_TIME,Generator,39,PMax MW,REAL_TIME_solar.csv
630,DAY_AHEAD,Generator,40,PMin MW,DAY_AHEAD_solar.csv
631,DAY_AHEAD,Generator,40,PMax MW,DAY_AHEAD_solar.csv
632,REAL_TIME,Generator,40,PMin MW,REAL_TIME_solar.csv
633,REAL_TIME,Generator,40,PMax MW,REAL_TIME_solar.csv
634,DAY_AHEAD,Generator,42,PMin MW,DAY_AHEAD_solar.csv
635,DAY_AHEAD,Generator,42,PMax MW,DAY_AHEAD_solar.csv
636,REAL_TIME,Generator,42,PMin MW,REAL_TIME_solar.csv
637,REAL_TIME,Generator,42,PMax MW,REAL_TIME_solar.csv
638,DAY_AHEAD,Generator,43,PMin MW,DAY_AHEAD_solar.csv
639,DAY_AHEAD,Generator,43,PMax MW,DAY_AHEAD_solar.csv
640,REAL_TIME,Generator,43,PMin MW,REAL_TIME_solar.csv
641,REAL_TIME,Generator,43,PMax MW,REAL_TIME_solar.csv
642,DAY_AHEAD,Generator,46,PMin MW,DAY_AHEAD_solar.csv
643,DAY_AHEAD,Generator,46,PMax MW,DAY_AHEAD_solar.csv
644,REAL_TIME,Generator,46,PMin MW,REAL_TIME_solar.csv
645,REAL_TIME,Generator,46,PMax MW,REAL_TIME_solar.csv
646,DAY_AHEAD,Generator,56,PMin MW,DAY_AHEAD_solar.csv
647,DAY_AHEAD,Generator,56,PMax MW,DAY_AHEAD_solar.csv
648,REAL_TIME,Generator,56,PMin MW,REAL_TIME_solar.csv
649,REAL_TIME,Generator,56,PMax MW,REAL_TIME_solar.csv
650,DAY_AHEAD,Generator,57,PMin MW,DAY_AHEAD_solar.csv
651,DAY_AHEAD,Generator,57,PMax MW,DAY_AHEAD_solar.csv
652,REAL_TIME,Generator,57,PMin MW,REAL_TIME_solar.csv
653,REAL_TIME,Generator,57,PMax MW,REAL_TIME_solar.csv
654,DAY_AHEAD,Generator,58,PMin MW,DAY_AHEAD_solar.csv
655,DAY_AHEAD,Generator,58,PMax MW,DAY_AHEAD_solar.csv
656,REAL_TIME,Generator,58,PMin MW,REAL_TIME_solar.csv
657,REAL_TIME,Generator,58,PMax MW,REAL_TIME_solar.csv
658,DAY_AHEAD,Generator,59,PMin MW,DAY_AHEAD_solar.csv
659,DAY_AHEAD,Generator,59,PMax MW,DAY_AHEAD_solar.csv
660,REAL_TIME,Generator,59,PMin MW,REAL_TIME_solar.csv
661,REAL_TIME,Generator,59,PMax MW,REAL_TIME_solar.csv
662,DAY_AHEAD,Generator,67,PMin MW,DAY_AHEAD_solar.csv
663,DAY_AHEAD,Generator,67,PMax MW,DAY_AHEAD_solar.csv
664,REAL_TIME,Generator,67,PMin MW,REAL_TIME_solar.csv
665,REAL_TIME,Generator,67,PMax MW,REAL_TIME_solar.csv
666,DAY_AHEAD,Generator,69,PMin MW,DAY_AHEAD_solar.csv
667,DAY_AHEAD,Generator,69,PMax MW,DAY_AHEAD_solar.csv
668,REAL_TIME,Generator,69,PMin MW,REAL_TIME_solar.csv
669,REAL_TIME,Generator,69,PMax MW,REAL_TIME_solar.csv
670,DAY_AHEAD,Generator,86,PMin MW,DAY_AHEAD_solar.csv
671,DAY_AHEAD,Generator,86,PMax MW,DAY_AHEAD_solar.csv
672,REAL_TIME,Generator,86,PMin MW,REAL_TIME_solar.csv
673,REAL_TIME,Generator,86,PMax MW,REAL_TIME_solar.csv
674,DAY_AHEAD,Generator,87,PMin MW,DAY_AHEAD_solar.csv
675,DAY_AHEAD,Generator,87,PMax MW,DAY_AHEAD_solar.csv
676,REAL_TIME,Generator,87,PMin MW,REAL_TIME_solar.csv
677,REAL_TIME,Generator,87,PMax MW,REAL_TIME_solar.csv
678,DAY_AHEAD,Generator,101,PMin MW,DAY_AHEAD_solar.csv
679,DAY_AHEAD,Generator,101,PMax MW,DAY_AHEAD_solar.csv
680,REAL_TIME,Generator,101,PMin MW,REAL_TIME_solar.csv
681,REAL_TIME,Generator,101,PMax MW,REAL_TIME_solar.csv
682,DAY_AHEAD,Generator,106,PMin MW,DAY_AHEAD_solar.csv
683,DAY_AHEAD,Generator,106,PMax MW,DAY_AHEAD_solar.csv
684,REAL_TIME,Generator,106,PMin MW,REAL_TIME_solar.csv
685,REAL_TIME,Generator,106,PMax MW,REAL_TIME_solar.csv
686,DAY_AHEAD,Generator,111,PMin MW,DAY_AHEAD_solar.csv
687,DAY_AHEAD,Generator,111,PMax MW,DAY_AHEAD_solar.csv
688,REAL_TIME,Generator,111,PMin MW,REAL_TIME_solar.csv
689,REAL_TIME,Generator,111,PMax MW,REAL_TIME_solar.csv
690,DAY_AHEAD,Generator,116,PMin MW,DAY_AHEAD_solar.csv
691,DAY_AHEAD,Generator,116,PMax MW,DAY_AHEAD_solar.csv
692,REAL_TIME,Generator,116,PMin MW,REAL_TIME_solar.csv
693,REAL_TIME,Generator,116,PMax MW,REAL_TIME_solar.csv
694,DAY_AHEAD,Generator,123,PMin MW,DAY_AHEAD_solar.csv
695,DAY_AHEAD,Generator,123,PMax MW,DAY_AHEAD_solar.csv
696,REAL_TIME,Generator,123,PMin MW,REAL_TIME_solar.csv
697,REAL_TIME,Generator,123,PMax MW,REAL_TIME_solar.csv
698,DAY_AHEAD,Generator,126,PMin MW,DAY_AHEAD_solar.csv
699,DAY_AHEAD,Generator,126,PMax MW,DAY_AHEAD_solar.csv
700,REAL_TIME,Generator,126,PMin MW,REAL_TIME_solar.csv
701,REAL_TIME,Generator,126,PMax MW,REAL_TIME_solar.csv
702,DAY_AHEAD,Generator,127,PMin MW,DAY_AHEAD_solar.csv
703,DAY_AHEAD,Generator,127,PMax MW,DAY_AHEAD_solar.csv
704,REAL_TIME,Generator,127,PMin MW,REAL_TIME_solar.csv
705,REAL_TIME,Generator,127,PMax MW,REAL_TIME_solar.csv
706,DAY_AHEAD,Generator,142,PMin MW,DAY_AHEAD_solar.csv
707,DAY_AHEAD,Generator,142,PMax MW,DAY_AHEAD_solar.csv
708,REAL_TIME,Generator,142,PMin MW,REAL_TIME_solar.csv
709,REAL_TIME,Generator,142,PMax MW,REAL_TIME_solar.csv
710,DAY_AHEAD,Generator,152,PMin MW,DAY_AHEAD_solar.csv
711,DAY_AHEAD,Generator,152,PMax MW,DAY_AHEAD_solar.csv
712,REAL_TIME,Generator,152,PMin MW,REAL_TIME_solar.csv
713,REAL_TIME,Generator,152,PMax MW,REAL_TIME_solar.csv
714,DAY_AHEAD,Generator,153,PMin MW,DAY_AHEAD_solar.csv
715,DAY_AHEAD,Generator,153,PMax MW,DAY_AHEAD_solar.csv
716,REAL_TIME,Generator,153,PMin MW,REAL_TIME_solar.csv
717,REAL_TIME,Generator,153,PMax MW,REAL_TIME_solar.csv
718,DAY_AHEAD,Generator,154,PMin MW,DAY_AHEAD_solar.csv
719,DAY_AHEAD,Generator,154,PMax MW,DAY_AHEAD_solar.csv
720,REAL_TIME,Generator,154,PMin MW,REAL_TIME_solar.csv
721,REAL_TIME,Generator,154,PMax MW,REAL_TIME_solar.csv
722,DAY_AHEAD,Generator,158,PMin MW,DAY_AHEAD_solar.csv
723,DAY_AHEAD,Generator,158,PMax MW,DAY_AHEAD_solar.csv
724,REAL_TIME,Generator,158,PMin MW,REAL_TIME_solar.csv
725,REAL_TIME,Generator,158,PMax MW,REAL_TIME_solar.csv
726,DAY_AHEAD,Generator,160,PMin MW,DAY_AHEAD_solar.csv
727,DAY_AHEAD,Generator,160,PMax MW,DAY_AHEAD_solar.csv
728,REAL_TIME,Generator,160,PMin MW,REAL_TIME_solar.csv
729,REAL_TIME,Generator,160,PMax MW,REAL_TIME_solar.csv
730,DAY_AHEAD,Generator,161,PMin MW,DAY_AHEAD_solar.csv
731,DAY_AHEAD,Generator,161,PMax MW,DAY_AHEAD_solar.csv
732,REAL_TIME,Generator,161,PMin MW,REAL_TIME_solar.csv
733,REAL_TIME,Generator,161,PMax MW,REAL_TIME_solar.csv
734,DAY_AHEAD,Generator,164,PMin MW,DAY_AHEAD_solar.csv
735,DAY_AHEAD,Generator,164,PMax MW,DAY_AHEAD_solar.csv
736,REAL_TIME,Generator,164,PMin MW,REAL_TIME_solar.csv
737,REAL_TIME,Generator,164,PMax MW,REAL_TIME_solar.csv
738,DAY_AHEAD,Generator,167,PMin MW,DAY_AHEAD_solar.csv
739,DAY_AHEAD,Generator,167,PMax MW,DAY_AHEAD_solar.csv
740,REAL_TIME,Generator,167,PMin MW,REAL_TIME_solar.csv
741,REAL_TIME,Generator,167,PMax MW,REAL_TIME_solar.csv
742,DAY_AHEAD,Generator,168,PMin MW,DAY_AHEAD_solar.csv
743,DAY_AHEAD,Generator,168,PMax MW,DAY_AHEAD_solar.csv
744,REAL_TIME,Generator,168,PMin MW,REAL_TIME_solar.csv
745,REAL_TIME,Generator,168,PMax MW,REAL_TIME_solar.csv
746,DAY_AHEAD,Generator,170,PMin MW,DAY_AHEAD_solar.csv
747,DAY_AHEAD,Generator,170,PMax MW,DAY_AHEAD_solar.csv
748,REAL_TIME,Generator,170,PMin MW,REAL_TIME_solar.csv
749,REAL_TIME,Generator,170,PMax MW,REAL_TIME_solar.csv
750,DAY_AHEAD,Generator,172,PMin MW,DAY_AHEAD_solar.csv
751,DAY_AHEAD,Generator,172,PMax MW,DAY_AHEAD_solar.csv
752,REAL_TIME,Generator,172,PMin MW,REAL_TIME_solar.csv
753,REAL_TIME,Generator,172,PMax MW,REAL_TIME_solar.csv
754,DAY_AHEAD,Generator,173,PMin MW,DAY_AHEAD_solar.csv
755,DAY_AHEAD,Generator,173,PMax MW,DAY_AHEAD_solar.csv
756,REAL_TIME,Generator,173,PMin MW,REAL_TIME_solar.csv
757,REAL_TIME,Generator,173,PMax MW,REAL_TIME_solar.csv
758,DAY_AHEAD,Generator,188,PMin MW,DAY_AHEAD_solar.csv
759,DAY_AHEAD,Generator,188,PMax MW,DAY_AHEAD_solar.csv
760,REAL_TIME,Generator,188,PMin MW,REAL_TIME_solar.csv
761,REAL_TIME,Generator,188,PMax MW,REAL_TIME_solar.csv
762,DAY_AHEAD,Generator,190,PMin MW,DAY_AHEAD_solar.csv
763,DAY_AHEAD,Generator,190,PMax MW,DAY_AHEAD_solar.csv
764,REAL_TIME,Generator,190,PMin MW,REAL_TIME_solar.csv
765,REAL_TIME,Generator,190,PMax MW,REAL_TIME_solar.csv
766,DAY_AHEAD,Generator,191,PMin MW,DAY_AHEAD_solar.csv
767,DAY_AHEAD,Generator,191,PMax MW,DAY_AHEAD_solar.csv
768,REAL_TIME,Generator,191,PMin MW,REAL_TIME_solar.csv
769,REAL_TIME,Generator,191,PMax MW,REAL_TIME_solar.csv
770,DAY_AHEAD,Generator,196,PMin MW,DAY_AHEAD_solar.csv
771,DAY_AHEAD,Generator,196,PMax MW,DAY_AHEAD_solar.csv
772,REAL_TIME,Generator,196,PMin MW,REAL_TIME_solar.csv
773,REAL_TIME,Generator,196,PMax MW,REAL_TIME_solar.csv
774,DAY_AHEAD,Generator,198,PMin MW,DAY_AHEAD_solar.csv
775,DAY_AHEAD,Generator,198,PMax MW,DAY_AHEAD_solar.csv
776,REAL_TIME,Generator,198,PMin MW,REAL_TIME_solar.csv
777,REAL_TIME,Generator,198,PMax MW,REAL_TIME_solar.csv
778,DAY_AHEAD,Generator,200,PMin MW,DAY_AHEAD_solar.csv
779,DAY_AHEAD,Generator,200,PMax MW,DAY_AHEAD_solar.csv
780,REAL_TIME,Generator,200,PMin MW,REAL_TIME_solar.csv
781,REAL_TIME,Generator,200,PMax MW,REAL_TIME_solar.csv
782,DAY_AHEAD,Generator,210,PMin MW,DAY_AHEAD_solar.csv
783,DAY_AHEAD,Generator,210,PMax MW,DAY_AHEAD_solar.csv
784,REAL_TIME,Generator,210,PMin MW,REAL_TIME_solar.csv
785,REAL_TIME,Generator,210,PMax MW,REAL_TIME_solar.csv
786,DAY_AHEAD,Generator,214,PMin MW,DAY_AHEAD_solar.csv
787,DAY_AHEAD,Generator,214,PMax MW,DAY_AHEAD_solar.csv
788,REAL_TIME,Generator,214,PMin MW,REAL_TIME_solar.csv
789,REAL_TIME,Generator,214,PMax MW,REAL_TIME_solar.csv
790,DAY_AHEAD,Generator,217,PMin MW,DAY_AHEAD_solar.csv
791,DAY_AHEAD,Generator,217,PMax MW,DAY_AHEAD_solar.csv
792,REAL_TIME,Generator,217,PMin MW,REAL_TIME_solar.csv
793,REAL_TIME,Generator,217,PMax MW,REAL_TIME_solar.csv
794,DAY_AHEAD,Generator,218,PMin MW,DAY_AHEAD_solar.csv
795,DAY_AHEAD,Generator,218,PMax MW,DAY_AHEAD_solar.csv
796,REAL_TIME,Generator,218,PMin MW,REAL_TIME_solar.csv
797,REAL_TIME,Generator,218,PMax MW,REAL_TIME_solar.csv
798,DAY_AHEAD,Generator,219,PMin MW,DAY_AHEAD_solar.csv
799,DAY_AHEAD,Generator,219,PMax MW,DAY_AHEAD_solar.csv
800,REAL_TIME,Generator,219,PMin MW,REAL_TIME_solar.csv
801,REAL_TIME,Generator,219,PMax MW,REAL_TIME_solar.csv
802,DAY_AHEAD,Generator,221,PMin MW,DAY_AHEAD_solar.csv
803,DAY_AHEAD,Generator,221,PMax MW,DAY_AHEAD_solar.csv
804,REAL_TIME,Generator,221,PMin MW,REAL_TIME_solar.csv
805,REAL_TIME,Generator,221,PMax MW,REAL_TIME_solar.csv
806,DAY_AHEAD,Generator,225,PMin MW,DAY_AHEAD_solar.csv
807,DAY_AHEAD,Generator,225,PMax MW,DAY_AHEAD_solar.csv
808,REAL_TIME,Generator,225,PMin MW,REAL_TIME_solar.csv
809,REAL_TIME,Generator,225,PMax MW,REAL_TIME_solar.csv
810,DAY_AHEAD,Generator,233,PMin MW,DAY_AHEAD_solar.csv
811,DAY_AHEAD,Generator,233,PMax MW,DAY_AHEAD_solar.csv
812,REAL_TIME,Generator,233,PMin MW,REAL_TIME_solar.csv
813,REAL_TIME,Generator,233,PMax MW,REAL_TIME_solar.csv
814,DAY_AHEAD,Generator,238,PMin MW,DAY_AHEAD_solar.csv
815,DAY_AHEAD,Generator,238,PMax MW,DAY_AHEAD_solar.csv
816,REAL_TIME,Generator,238,PMin MW,REAL_TIME_solar.csv
817,REAL_TIME,Generator,238,PMax MW,REAL_TIME_solar.csv
818,DAY_AHEAD,Generator,240,PMin MW,DAY_AHEAD_solar.csv
819,DAY_AHEAD,Generator,240,PMax MW,DAY_AHEAD_solar.csv
820,REAL_TIME,Generator,240,PMin MW,REAL_TIME_solar.csv
821,REAL_TIME,Generator,240,PMax MW,REAL_TIME_solar.csv
822,DAY_AHEAD,Generator,254,PMin MW,DAY_AHEAD_solar.csv
823,DAY_AHEAD,Generator,254,PMax MW,DAY_AHEAD_solar.csv
824,REAL_TIME,Generator,254,PMin MW,REAL_TIME_solar.csv
825,REAL_TIME,Generator,254,PMax MW,REAL_TIME_solar.csv
826,DAY_AHEAD,Generator,255,PMin MW,DAY_AHEAD_solar.csv
827,DAY_AHEAD,Generator,255,PMax MW,DAY_AHEAD_solar.csv
828,REAL_TIME,Generator,255,PMin MW,REAL_TIME_solar.csv
829,REAL_TIME,Generator,255,PMax MW,REAL_TIME_solar.csv
830,DAY_AHEAD,Generator,258,PMin MW,DAY_AHEAD_solar.csv
831,DAY_AHEAD,Generator,258,PMax MW,DAY_AHEAD_solar.csv
832,REAL_TIME,Generator,258,PMin MW,REAL_TIME_solar.csv
833,REAL_TIME,Generator,258,PMax MW,REAL_TIME_solar.csv
834,DAY_AHEAD,Generator,260,PMin MW,DAY_AHEAD_solar.csv
835,DAY_AHEAD,Generator,260,PMax MW,DAY_AHEAD_solar.csv
836,REAL_TIME,Generator,260,PMin MW,REAL_TIME_solar.csv
837,REAL_TIME,Generator,260,PMax MW,REAL_TIME_solar.csv
838,DAY_AHEAD,Generator,265,PMin MW,DAY_AHEAD_solar.csv
839,DAY_AHEAD,Generator,265,PMax MW,DAY_AHEAD_solar.csv
840,REAL_TIME,Generator,265,PMin MW,REAL_TIME_solar.csv
841,REAL_TIME,Generator,265,PMax MW,REAL_TIME_solar.csv
842,DAY_AHEAD,Generator,273,PMin MW,DAY_AHEAD_solar.csv
843,DAY_AHEAD,Generator,273,PMax MW,DAY_AHEAD_solar.csv
844,REAL_TIME,Generator,273,PMin MW,REAL_TIME_solar.csv
845,REAL_TIME,Generator,273,PMax MW,REAL_TIME_solar.csv
846,DAY_AHEAD,Generator,276,PMin MW,DAY_AHEAD_solar.csv
847,DAY_AHEAD,Generator,276,PMax MW,DAY_AHEAD_solar.csv
848,REAL_TIME,Generator,276,PMin MW,REAL_TIME_solar.csv
849,REAL_TIME,Generator,276,PMax MW,REAL_TIME_solar.csv
850,DAY_AHEAD,Generator,277,PMin MW,DAY_AHEAD_solar.csv
851,DAY_AHEAD,Generator,277,PMax MW,DAY_AHEAD_solar.csv
852,REAL_TIME,Generator,277,PMin MW,REAL_TIME_solar.csv
853,REAL_TIME,Generator,277,PMax MW,REAL_TIME_solar.csv
854,DAY_AHEAD,Generator,278,PMin MW,DAY_AHEAD_solar.csv
855,DAY_AHEAD,Generator,278,PMax MW,DAY_AHEAD_solar.csv
856,REAL_TIME,Generator,278,PMin MW,REAL_TIME_solar.csv
857,REAL_TIME,Generator,278,PMax MW,REAL_TIME_solar.csv
858,DAY_AHEAD,Generator,282,PMin MW,DAY_AHEAD_solar.csv
859,DAY_AHEAD,Generator,282,PMax MW,DAY_AHEAD_solar.csv
860,REAL_TIME,Generator,282,PMin MW,REAL_TIME_solar.csv
861,REAL_TIME,Generator,282,PMax MW,REAL_TIME_solar.csv
862,REAL_TIME,Generator,pv_1-c,PMax MW,REAL_TIME_solar.csv
863,REAL_TIME,Generator,pv_3-c,PMax MW,REAL_TIME_solar.csv
864,REAL_TIME,Generator,pv_6-c,PMax MW,REAL_TIME_solar.csv
865,REAL_TIME,Generator,pv_7-c,PMax MW,REAL_TIME_solar.csv
866,REAL_TIME,Generator,pv_8-c,PMax MW,REAL_TIME_solar.csv
867,REAL_TIME,Generator,pv_12-c,PMax MW,REAL_TIME_solar.csv
868,REAL_TIME,Generator,pv_13-c,PMax MW,REAL_TIME_solar.csv
869,REAL_TIME,Generator,pv_14-c,PMax MW,REAL_TIME_solar.csv
870,REAL_TIME,Generator,pv_15-c,PMax MW,REAL_TIME_solar.csv
871,REAL_TIME,Generator,pv_17-c,PMax MW,REAL_TIME_solar.csv
872,REAL_TIME,Generator,pv_18-c,PMax MW,REAL_TIME_solar.csv
873,REAL_TIME,Generator,pv_19-c,PMax MW,REAL_TIME_solar.csv
874,REAL_TIME,Generator,pv_22-c,PMax MW,REAL_TIME_solar.csv
875,REAL_TIME,Generator,pv_23-c,PMax MW,REAL_TIME_solar.csv
876,REAL_TIME,Generator,pv_25-c,PMax MW,REAL_TIME_solar.csv
877,REAL_TIME,Generator,pv_26-c,PMax MW,REAL_TIME_solar.csv
878,REAL_TIME,Generator,pv_27-c,PMax MW,REAL_TIME_solar.csv
879,REAL_TIME,Generator,pv_28-c,PMax MW,REAL_TIME_solar.csv
880,REAL_TIME,Generator,pv_29-c,PMax MW,REAL_TIME_solar.csv
881,REAL_TIME,Generator,pv_30-c,PMax MW,REAL_TIME_solar.csv
882,REAL_TIME,Generator,pv_31-c,PMax MW,REAL_TIME_solar.csv
883,REAL_TIME,Generator,pv_32-c,PMax MW,REAL_TIME_solar.csv
884,REAL_TIME,Generator,pv_33-c,PMax MW,REAL_TIME_solar.csv
885,REAL_TIME,Generator,pv_34-c,PMax MW,REAL_TIME_solar.csv
886,REAL_TIME,Generator,pv_35-c,PMax MW,REAL_TIME_solar.csv
887,REAL_TIME,Generator,pv_36-c,PMax MW,REAL_TIME_solar.csv
888,REAL_TIME,Generator,pv_38-c,PMax MW,REAL_TIME_solar.csv
889,REAL_TIME,Generator,pv_40-c,PMax MW,REAL_TIME_solar.csv
890,REAL_TIME,Generator,pv_42-c,PMax MW,REAL_TIME_solar.csv
891,REAL_TIME,Generator,pv_43-c,PMax MW,REAL_TIME_solar.csv
892,REAL_TIME,Generator,pv_44-c,PMax MW,REAL_TIME_solar.csv
893,REAL_TIME,Generator,pv_46-c,PMax MW,REAL_TIME_solar.csv
894,REAL_TIME,Generator,pv_48-c,PMax MW,REAL_TIME_solar.csv
895,REAL_TIME,Generator,pv_49-c,PMax MW,REAL_TIME_solar.csv
896,REAL_TIME,Generator,pv_50-c,PMax MW,REAL_TIME_solar.csv
897,REAL_TIME,Generator,pv_52-c,PMax MW,REAL_TIME_solar.csv
898,REAL_TIME,Generator,pv_53-c,PMax MW,REAL_TIME_solar.csv
899,REAL_TIME,Generator,pv_54-c,PMax MW,REAL_TIME_solar.csv
900,REAL_TIME,Generator,pv_55-c,PMax MW,REAL_TIME_solar.csv
901,REAL_TIME,Generator,pv_57-c,PMax MW,REAL_TIME_solar.csv
902,REAL_TIME,Generator,pv_58-c,PMax MW,REAL_TIME_solar.csv
903,REAL_TIME,Generator,pv_59-c,PMax MW,REAL_TIME_solar.csv
904,REAL_TIME,Generator,pv_61-c,PMax MW,REAL_TIME_solar.csv
905,REAL_TIME,Generator,pv_62-c,PMax MW,REAL_TIME_solar.csv
906,REAL_TIME,Generator,pv_63-c,PMax MW,REAL_TIME_solar.csv
907,REAL_TIME,Generator,pv_65-c,PMax MW,REAL_TIME_solar.csv
908,REAL_TIME,Generator,pv_66-c,PMax MW,REAL_TIME_solar.csv
909,REAL_TIME,Generator,pv_68-c,PMax MW,REAL_TIME_solar.csv
910,REAL_TIME,Generator,pv_70-c,PMax MW,REAL_TIME_solar.csv
911,REAL_TIME,Generator,pv_71-c,PMax MW,REAL_TIME_solar.csv
912,REAL_TIME,Generator,pv_74-c,PMax MW,REAL_TIME_solar.csv
913,REAL_TIME,Generator,pv_76-c,PMax MW,REAL_TIME_solar.csv
914,REAL_TIME,Generator,pv_77-c,PMax MW,REAL_TIME_solar.csv
915,REAL_TIME,Generator,pv_78-c,PMax MW,REAL_TIME_solar.csv
916,REAL_TIME,Generator,pv_79-c,PMax MW,REAL_TIME_solar.csv
917,REAL_TIME,Generator,pv_80-c,PMax MW,REAL_TIME_solar.csv
918,REAL_TIME,Generator,pv_81-c,PMax MW,REAL_TIME_solar.csv
919,REAL_TIME,Generator,pv_82-c,PMax MW,REAL_TIME_solar.csv
920,REAL_TIME,Generator,pv_83-c,PMax MW,REAL_TIME_solar.csv
921,REAL_TIME,Generator,pv_85-c,PMax MW,REAL_TIME_solar.csv
922,REAL_TIME,Generator,pv_86-c,PMax MW,REAL_TIME_solar.csv
923,REAL_TIME,Generator,pv_87-c,PMax MW,REAL_TIME_solar.csv
924,REAL_TIME,Generator,pv_88-c,PMax MW,REAL_TIME_solar.csv
925,REAL_TIME,Generator,pv_89-c,PMax MW,REAL_TIME_solar.csv
926,REAL_TIME,Generator,pv_90-c,PMax MW,REAL_TIME_solar.csv
927,REAL_TIME,Generator,pv_91-c,PMax MW,REAL_TIME_solar.csv
928,REAL_TIME,Generator,pv_92-c,PMax MW,REAL_TIME_solar.csv
929,REAL_TIME,Generator,pv_93-c,PMax MW,REAL_TIME_solar.csv
930,REAL_TIME,Generator,pv_94-c,PMax MW,REAL_TIME_solar.csv
931,REAL_TIME,Generator,pv_98-c,PMax MW,REAL_TIME_solar.csv
932,REAL_TIME,Generator,pv_99-c,PMax MW,REAL_TIME_solar.csv
933,REAL_TIME,Generator,pv_100-c,PMax MW,REAL_TIME_solar.csv
934,REAL_TIME,Generator,pv_101-c,PMax MW,REAL_TIME_solar.csv
935,REAL_TIME,Generator,pv_102-c,PMax MW,REAL_TIME_solar.csv
936,REAL_TIME,Generator,pv_106-c,PMax MW,REAL_TIME_solar.csv
937,REAL_TIME,Generator,pv_107-c,PMax MW,REAL_TIME_solar.csv
938,REAL_TIME,Generator,pv_108-c,PMax MW,REAL_TIME_solar.csv
939,REAL_TIME,Generator,pv_110-c,PMax MW,REAL_TIME_solar.csv
940,REAL_TIME,Generator,pv_111-c,PMax MW,REAL_TIME_solar.csv
941,REAL_TIME,Generator,pv_112-c,PMax MW,REAL_TIME_solar.csv
942,REAL_TIME,Generator,pv_113-c,PMax MW,REAL_TIME_solar.csv
943,REAL_TIME,Generator,pv_115-c,PMax MW,REAL_TIME_solar.csv
944,REAL_TIME,Generator,pv_117-c,PMax MW,REAL_TIME_solar.csv
945,REAL_TIME,Generator,pv_118-c,PMax MW,REAL_TIME_solar.csv
946,REAL_TIME,Generator,pv_119-c,PMax MW,REAL_TIME_solar.csv
947,REAL_TIME,Generator,pv_120-c,PMax MW,REAL_TIME_solar.csv
948,REAL_TIME,Generator,pv_1-c,PMin MW,REAL_TIME_solar.csv
949,REAL_TIME,Generator,pv_3-c,PMin MW,REAL_TIME_solar.csv
950,REAL_TIME,Generator,pv_6-c,PMin MW,REAL_TIME_solar.csv
951,REAL_TIME,Generator,pv_7-c,PMin MW,REAL_TIME_solar.csv
952,REAL_TIME,Generator,pv_8-c,PMin MW,REAL_TIME_solar.csv
953,REAL_TIME,Generator,pv_12-c,PMin MW,REAL_TIME_solar.csv
954,REAL_TIME,Generator,pv_13-c,PMin MW,REAL_TIME_solar.csv
955,REAL_TIME,Generator,pv_14-c,PMin MW,REAL_TIME_solar.csv
956,REAL_TIME,Generator,pv_15-c,PMin MW,REAL_TIME_solar.csv
957,REAL_TIME,Generator,pv_17-c,PMin MW,REAL_TIME_solar.csv
958,REAL_TIME,Generator,pv_18-c,PMin MW,REAL_TIME_solar.csv
959,REAL_TIME,Generator,pv_19-c,PMin MW,REAL_TIME_solar.csv
960,REAL_TIME,Generator,pv_22-c,PMin MW,REAL_TIME_solar.csv
961,REAL_TIME,Generator,pv_23-c,PMin MW,REAL_TIME_solar.csv
962,REAL_TIME,Generator,pv_25-c,PMin MW,REAL_TIME_solar.csv
963,REAL_TIME,Generator,pv_26-c,PMin MW,REAL_TIME_solar.csv
964,REAL_TIME,Generator,pv_27-c,PMin MW,REAL_TIME_solar.csv
965,REAL_TIME,Generator,pv_28-c,PMin MW,REAL_TIME_solar.csv
966,REAL_TIME,Generator,pv_29-c,PMin MW,REAL_TIME_solar.csv
967,REAL_TIME,Generator,pv_30-c,PMin MW,REAL_TIME_solar.csv
968,REAL_TIME,Generator,pv_31-c,PMin MW,REAL_TIME_solar.csv
969,REAL_TIME,Generator,pv_32-c,PMin MW,REAL_TIME_solar.csv
970,REAL_TIME,Generator,pv_33-c,PMin MW,REAL_TIME_solar.csv
971,REAL_TIME,Generator,pv_34-c,PMin MW,REAL_TIME_solar.csv
972,REAL_TIME,Generator,pv_35-c,PMin MW,REAL_TIME_solar.csv
973,REAL_TIME,Generator,pv_36-c,PMin MW,REAL_TIME_solar.csv
974,REAL_TIME,Generator,pv_38-c,PMin MW,REAL_TIME_solar.csv
975,REAL_TIME,Generator,pv_40-c,PMin MW,REAL_TIME_solar.csv
976,REAL_TIME,Generator,pv_42-c,PMin MW,REAL_TIME_solar.csv
977,REAL_TIME,Generator,pv_43-c,PMin MW,REAL_TIME_solar.csv
978,REAL_TIME,Generator,pv_44-c,PMin MW,REAL_TIME_solar.csv
979,REAL_TIME,Generator,pv_46-c,PMin MW,REAL_TIME_solar.csv
980,REAL_TIME,Generator,pv_48-c,PMin MW,REAL_TIME_solar.csv
981,REAL_TIME,Generator,pv_49-c,PMin MW,REAL_TIME_solar.csv
982,REAL_TIME,Generator,pv_50-c,PMin MW,REAL_TIME_solar.csv
983,REAL_TIME,Generator,pv_52-c,PMin MW,REAL_TIME_solar.csv
984,REAL_TIME,Generator,pv_53-c,PMin MW,REAL_TIME_solar.csv
985,REAL_TIME,Generator,pv_54-c,PMin MW,REAL_TIME_solar.csv
986,REAL_TIME,Generator,pv_55-c,PMin MW,REAL_TIME_solar.csv
987,REAL_TIME,Generator,pv_57-c,PMin MW,REAL_TIME_solar.csv
988,REAL_TIME,Generator,pv_58-c,PMin MW,REAL_TIME_solar.csv
989,REAL_TIME,Generator,pv_59-c,PMin MW,REAL_TIME_solar.csv
990,REAL_TIME,Generator,pv_61-c,PMin MW,REAL_TIME_solar.csv
991,REAL_TIME,Generator,pv_62-c,PMin MW,REAL_TIME_solar.csv
992,REAL_TIME,Generator,pv_63-c,PMin MW,REAL_TIME_solar.csv
993,REAL_TIME,Generator,pv_65-c,PMin MW,REAL_TIME_solar.csv
994,REAL_TIME,Generator,pv_66-c,PMin MW,REAL_TIME_solar.csv
995,REAL_TIME,Generator,pv_68-c,PMin MW,REAL_TIME_solar.csv
996,REAL_TIME,Generator,pv_70-c,PMin MW,REAL_TIME_solar.csv
997,REAL_TIME,Generator,pv_71-c,PMin MW,REAL_TIME_solar.csv
998,REAL_TIME,Generator,pv_74-c,PMin MW,REAL_TIME_solar.csv
999,REAL_TIME,Generator,pv_76-c,PMin MW,REAL_TIME_solar.csv
1000,REAL_TIME,Generator,pv_77-c,PMin MW,REAL_TIME_solar.csv
1001,REAL_TIME,Generator,pv_78-c,PMin MW,REAL_TIME_solar.csv
1002,REAL_TIME,Generator,pv_79-c,PMin MW,REAL_TIME_solar.csv
1003,REAL_TIME,Generator,pv_80-c,PMin MW,REAL_TIME_solar.csv
1004,REAL_TIME,Generator,pv_81-c,PMin MW,REAL_TIME_solar.csv
1005,REAL_TIME,Generator,pv_82-c,PMin MW,REAL_TIME_solar.csv
1006,REAL_TIME,Generator,pv_83-c,PMin MW,REAL_TIME_solar.csv
1007,REAL_TIME,Generator,pv_85-c,PMin MW,REAL_TIME_solar.csv
1008,REAL_TIME,Generator,pv_86-c,PMin MW,REAL_TIME_solar.csv
1009,REAL_TIME,Generator,pv_87-c,PMin MW,REAL_TIME_solar.csv
1010,REAL_TIME,Generator,pv_88-c,PMin MW,REAL_TIME_solar.csv
1011,REAL_TIME,Generator,pv_89-c,PMin MW,REAL_TIME_solar.csv
1012,REAL_TIME,Generator,pv_90-c,PMin MW,REAL_TIME_solar.csv
1013,REAL_TIME,Generator,pv_91-c,PMin MW,REAL_TIME_solar.csv
1014,REAL_TIME,Generator,pv_92-c,PMin MW,REAL_TIME_solar.csv
1015,REAL_TIME,Generator,pv_93-c,PMin MW,REAL_TIME_solar.csv
1016,REAL_TIME,Generator,pv_94-c,PMin MW,REAL_TIME_solar.csv
1017,REAL_TIME,Generator,pv_98-c,PMin MW,REAL_TIME_solar.csv
1018,REAL_TIME,Generator,pv_99-c,PMin MW,REAL_TIME_solar.csv
1019,REAL_TIME,Generator,pv_100-c,PMin MW,REAL_TIME_solar.csv
1020,REAL_TIME,Generator,pv_101-c,PMin MW,REAL_TIME_solar.csv
1021,REAL_TIME,Generator,pv_102-c,PMin MW,REAL_TIME_solar.csv
1022,REAL_TIME,Generator,pv_106-c,PMin MW,REAL_TIME_solar.csv
1023,REAL_TIME,Generator,pv_107-c,PMin MW,REAL_TIME_solar.csv
1024,REAL_TIME,Generator,pv_108-c,PMin MW,REAL_TIME_solar.csv
1025,REAL_TIME,Generator,pv_110-c,PMin MW,REAL_TIME_solar.csv
1026,REAL_TIME,Generator,pv_111-c,PMin MW,REAL_TIME_solar.csv
1027,REAL_TIME,Generator,pv_112-c,PMin MW,REAL_TIME_solar.csv
1028,REAL_TIME,Generator,pv_113-c,PMin MW,REAL_TIME_solar.csv
1029,REAL_TIME,Generator,pv_115-c,PMin MW,REAL_TIME_solar.csv
1030,REAL_TIME,Generator,pv_117-c,PMin MW,REAL_TIME_solar.csv
1031,REAL_TIME,Generator,pv_118-c,PMin MW,REAL_TIME_solar.csv
1032,REAL_TIME,Generator,pv_119-c,PMin MW,REAL_TIME_solar.csv
1033,REAL_TIME,Generator,pv_120-c,PMin MW,REAL_TIME_solar.csv
1034,REAL_TIME,Generator,wind_1-c,PMax MW,REAL_TIME_wind.csv
1035,REAL_TIME,Generator,wind_3-c,PMax MW,REAL_TIME_wind.csv
1036,REAL_TIME,Generator,wind_6-c,PMax MW,REAL_TIME_wind.csv
1037,REAL_TIME,Generator,wind_7-c,PMax MW,REAL_TIME_wind.csv
1038,REAL_TIME,Generator,wind_8-c,PMax MW,REAL_TIME_wind.csv
1039,REAL_TIME,Generator,wind_12-c,PMax MW,REAL_TIME_wind.csv
1040,REAL_TIME,Generator,wind_13-c,PMax MW,REAL_TIME_wind.csv
1041,REAL_TIME,Generator,wind_14-c,PMax MW,REAL_TIME_wind.csv
1042,REAL_TIME,Generator,wind_15-c,PMax MW,REAL_TIME_wind.csv
1043,REAL_TIME,Generator,wind_17-c,PMax MW,REAL_TIME_wind.csv
1044,REAL_TIME,Generator,wind_18-c,PMax MW,REAL_TIME_wind.csv
1045,REAL_TIME,Generator,wind_19-c,PMax MW,REAL_TIME_wind.csv
1046,REAL_TIME,Generator,wind_22-c,PMax MW,REAL_TIME_wind.csv
1047,REAL_TIME,Generator,wind_23-c,PMax MW,REAL_TIME_wind.csv
1048,REAL_TIME,Generator,wind_25-c,PMax MW,REAL_TIME_wind.csv
1049,REAL_TIME,Generator,wind_26-c,PMax MW,REAL_TIME_wind.csv
1050,REAL_TIME,Generator,wind_27-c,PMax MW,REAL_TIME_wind.csv
1051,REAL_TIME,Generator,wind_28-c,PMax MW,REAL_TIME_wind.csv
1052,REAL_TIME,Generator,wind_29-c,PMax MW,REAL_TIME_wind.csv
1053,REAL_TIME,Generator,wind_30-c,PMax MW,REAL_TIME_wind.csv
1054,REAL_TIME,Generator,wind_31-c,PMax MW,REAL_TIME_wind.csv
1055,REAL_TIME,Generator,wind_32-c,PMax MW,REAL_TIME_wind.csv
1056,REAL_TIME,Generator,wind_33-c,PMax MW,REAL_TIME_wind.csv
1057,REAL_TIME,Generator,wind_34-c,PMax MW,REAL_TIME_wind.csv
1058,REAL_TIME,Generator,wind_35-c,PMax MW,REAL_TIME_wind.csv
1059,REAL_TIME,Generator,wind_36-c,PMax MW,REAL_TIME_wind.csv
1060,REAL_TIME,Generator,wind_38-c,PMax MW,REAL_TIME_wind.csv
1061,REAL_TIME,Generator,wind_40-c,PMax MW,REAL_TIME_wind.csv
1062,REAL_TIME,Generator,wind_42-c,PMax MW,REAL_TIME_wind.csv
1063,REAL_TIME,Generator,wind_43-c,PMax MW,REAL_TIME_wind.csv
1064,REAL_TIME,Generator,wind_44-c,PMax MW,REAL_TIME_wind.csv
1065,REAL_TIME,Generator,wind_46-c,PMax MW,REAL_TIME_wind.csv
1066,REAL_TIME,Generator,wind_48-c,PMax MW,REAL_TIME_wind.csv
1067,REAL_TIME,Generator,wind_49-c,PMax MW,REAL_TIME_wind.csv
1068,REAL_TIME,Generator,wind_50-c,PMax MW,REAL_TIME_wind.csv
1069,REAL_TIME,Generator,wind_52-c,PMax MW,REAL_TIME_wind.csv
1070,REAL_TIME,Generator,wind_53-c,PMax MW,REAL_TIME_wind.csv
1071,REAL_TIME,Generator,wind_54-c,PMax MW,REAL_TIME_wind.csv
1072,REAL_TIME,Generator,wind_55-c,PMax MW,REAL_TIME_wind.csv
1073,REAL_TIME,Generator,wind_57-c,PMax MW,REAL_TIME_wind.csv
1074,REAL_TIME,Generator,wind_58-c,PMax MW,REAL_TIME_wind.csv
1075,REAL_TIME,Generator,wind_59-c,PMax MW,REAL_TIME_wind.csv
1076,REAL_TIME,Generator,wind_61-c,PMax MW,REAL_TIME_wind.csv
1077,REAL_TIME,Generator,wind_62-c,PMax MW,REAL_TIME_wind.csv
1078,REAL_TIME,Generator,wind_63-c,PMax MW,REAL_TIME_wind.csv
1079,REAL_TIME,Generator,wind_65-c,PMax MW,REAL_TIME_wind.csv
1080,REAL_TIME,Generator,wind_66-c,PMax MW,REAL_TIME_wind.csv
1081,REAL_TIME,Generator,wind_68-c,PMax MW,REAL_TIME_wind.csv
1082,REAL_TIME,Generator,wind_70-c,PMax MW,REAL_TIME_wind.csv
1083,REAL_TIME,Generator,wind_71-c,PMax MW,REAL_TIME_wind.csv
1084,REAL_TIME,Generator,wind_74-c,PMax MW,REAL_TIME_wind.csv
1085,REAL_TIME,Generator,wind_76-c,PMax MW,REAL_TIME_wind.csv
1086,REAL_TIME,Generator,wind_77-c,PMax MW,REAL_TIME_wind.csv
1087,REAL_TIME,Generator,wind_78-c,PMax MW,REAL_TIME_wind.csv
1088,REAL_TIME,Generator,wind_79-c,PMax MW,REAL_TIME_wind.csv
1089,REAL_TIME,Generator,wind_80-c,PMax MW,REAL_TIME_wind.csv
1090,REAL_TIME,Generator,wind_81-c,PMax MW,REAL_TIME_wind.csv
1091,REAL_TIME,Generator,wind_82-c,PMax MW,REAL_TIME_wind.csv
1092,REAL_TIME,Generator,wind_83-c,PMax MW,REAL_TIME_wind.csv
1093,REAL_TIME,Generator,wind_85-c,PMax MW,REAL_TIME_wind.csv
1094,REAL_TIME,Generator,wind_86-c,PMax MW,REAL_TIME_wind.csv
1095,REAL_TIME,Generator,wind_87-c,PMax MW,REAL_TIME_wind.csv
1096,REAL_TIME,Generator,wind_88-c,PMax MW,REAL_TIME_wind.csv
1097,REAL_TIME,Generator,wind_89-c,PMax MW,REAL_TIME_wind.csv
1098,REAL_TIME,Generator,wind_90-c,PMax MW,REAL_TIME_wind.csv
1099,REAL_TIME,Generator,wind_91-c,PMax MW,REAL_TIME_wind.csv
1100,REAL_TIME,Generator,wind_92-c,PMax MW,REAL_TIME_wind.csv
1101,REAL_TIME,Generator,wind_93-c,PMax MW,REAL_TIME_wind.csv
1102,REAL_TIME,Generator,wind_94-c,PMax MW,REAL_TIME_wind.csv
1103,REAL_TIME,Generator,wind_98-c,PMax MW,REAL_TIME_wind.csv
1104,REAL_TIME,Generator,wind_99-c,PMax MW,REAL_TIME_wind.csv
1105,REAL_TIME,Generator,wind_100-c,PMax MW,REAL_TIME_wind.csv
1106,REAL_TIME,Generator,wind_101-c,PMax MW,REAL_TIME_wind.csv
1107,REAL_TIME,Generator,wind_102-c,PMax MW,REAL_TIME_wind.csv
1108,REAL_TIME,Generator,wind_106-c,PMax MW,REAL_TIME_wind.csv
1109,REAL_TIME,Generator,wind_107-c,PMax MW,REAL_TIME_wind.csv
1110,REAL_TIME,Generator,wind_108-c,PMax MW,REAL_TIME_wind.csv
1111,REAL_TIME,Generator,wind_110-c,PMax MW,REAL_TIME_wind.csv
1112,REAL_TIME,Generator,wind_111-c,PMax MW,REAL_TIME_wind.csv
1113,REAL_TIME,Generator,wind_112-c,PMax MW,REAL_TIME_wind.csv
1114,REAL_TIME,Generator,wind_113-c,PMax MW,REAL_TIME_wind.csv
1115,REAL_TIME,Generator,wind_115-c,PMax MW,REAL_TIME_wind.csv
1116,REAL_TIME,Generator,wind_117-c,PMax MW,REAL_TIME_wind.csv
1117,REAL_TIME,Generator,wind_118-c,PMax MW,REAL_TIME_wind.csv
1118,REAL_TIME,Generator,wind_119-c,PMax MW,REAL_TIME_wind.csv
1119,REAL_TIME,Generator,wind_120-c,PMax MW,REAL_TIME_wind.csv
1120,REAL_TIME,Generator,wind_1-c,PMin MW,REAL_TIME_wind.csv
1121,REAL_TIME,Generator,wind_3-c,PMin MW,REAL_TIME_wind.csv
1122,REAL_TIME,Generator,wind_6-c,PMin MW,REAL_TIME_wind.csv
1123,REAL_TIME,Generator,wind_7-c,PMin MW,REAL_TIME_wind.csv
1124,REAL_TIME,Generator,wind_8-c,PMin MW,REAL_TIME_wind.csv
1125,REAL_TIME,Generator,wind_12-c,PMin MW,REAL_TIME_wind.csv
1126,REAL_TIME,Generator,wind_13-c,PMin MW,REAL_TIME_wind.csv
1127,REAL_TIME,Generator,wind_14-c,PMin MW,REAL_TIME_wind.csv
1128,REAL_TIME,Generator,wind_15-c,PMin MW,REAL_TIME_wind.csv
1129,REAL_TIME,Generator,wind_17-c,PMin MW,REAL_TIME_wind.csv
1130,REAL_TIME,Generator,wind_18-c,PMin MW,REAL_TIME_wind.csv
1131,REAL_TIME,Generator,wind_19-c,PMin MW,REAL_TIME_wind.csv
1132,REAL_TIME,Generator,wind_22-c,PMin MW,REAL_TIME_wind.csv
1133,REAL_TIME,Generator,wind_23-c,PMin MW,REAL_TIME_wind.csv
1134,REAL_TIME,Generator,wind_25-c,PMin MW,REAL_TIME_wind.csv
1135,REAL_TIME,Generator,wind_26-c,PMin MW,REAL_TIME_wind.csv
1136,REAL_TIME,Generator,wind_27-c,PMin MW,REAL_TIME_wind.csv
1137,REAL_TIME,Generator,wind_28-c,PMin MW,REAL_TIME_wind.csv
1138,REAL_TIME,Generator,wind_29-c,PMin MW,REAL_TIME_wind.csv
1139,REAL_TIME,Generator,wind_30-c,PMin MW,REAL_TIME_wind.csv
1140,REAL_TIME,Generator,wind_31-c,PMin MW,REAL_TIME_wind.csv
1141,REAL_TIME,Generator,wind_32-c,PMin MW,REAL_TIME_wind.csv
1142,REAL_TIME,Generator,wind_33-c,PMin MW,REAL_TIME_wind.csv
1143,REAL_TIME,Generator,wind_34-c,PMin MW,REAL_TIME_wind.csv
1144,REAL_TIME,Generator,wind_35-c,PMin MW,REAL_TIME_wind.csv
1145,REAL_TIME,Generator,wind_36-c,PMin MW,REAL_TIME_wind.csv
1146,REAL_TIME,Generator,wind_38-c,PMin MW,REAL_TIME_wind.csv
1147,REAL_TIME,Generator,wind_40-c,PMin MW,REAL_TIME_wind.csv
1148,REAL_TIME,Generator,wind_42-c,PMin MW,REAL_TIME_wind.csv
1149,REAL_TIME,Generator,wind_43-c,PMin MW,REAL_TIME_wind.csv
1150,REAL_TIME,Generator,wind_44-c,PMin MW,REAL_TIME_wind.csv
1151,REAL_TIME,Generator,wind_46-c,PMin MW,REAL_TIME_wind.csv
1152,REAL_TIME,Generator,wind_48-c,PMin MW,REAL_TIME_wind.csv
1153,REAL_TIME,Generator,wind_49-c,PMin MW,REAL_TIME_wind.csv
1154,REAL_TIME,Generator,wind_50-c,PMin MW,REAL_TIME_wind.csv
1155,REAL_TIME,Generator,wind_52-c,PMin MW,REAL_TIME_wind.csv
1156,REAL_TIME,Generator,wind_53-c,PMin MW,REAL_TIME_wind.csv
1157,REAL_TIME,Generator,wind_54-c,PMin MW,REAL_TIME_wind.csv
1158,REAL_TIME,Generator,wind_55-c,PMin MW,REAL_TIME_wind.csv
1159,REAL_TIME,Generator,wind_57-c,PMin MW,REAL_TIME_wind.csv
1160,REAL_TIME,Generator,wind_58-c,PMin MW,REAL_TIME_wind.csv
1161,REAL_TIME,Generator,wind_59-c,PMin MW,REAL_TIME_wind.csv
1162,REAL_TIME,Generator,wind_61-c,PMin MW,REAL_TIME_wind.csv
1163,REAL_TIME,Generator,wind_62-c,PMin MW,REAL_TIME_wind.csv
1164,REAL_TIME,Generator,wind_63-c,PMin MW,REAL_TIME_wind.csv
1165,REAL_TIME,Generator,wind_65-c,PMin MW,REAL_TIME_wind.csv
1166,REAL_TIME,Generator,wind_66-c,PMin MW,REAL_TIME_wind.csv
1167,REAL_TIME,Generator,wind_68-c,PMin MW,REAL_TIME_wind.csv
1168,REAL_TIME,Generator,wind_70-c,PMin MW,REAL_TIME_wind.csv
1169,REAL_TIME,Generator,wind_71-c,PMin MW,REAL_TIME_wind.csv
1170,REAL_TIME,Generator,wind_74-c,PMin MW,REAL_TIME_wind.csv
1171,REAL_TIME,Generator,wind_76-c,PMin MW,REAL_TIME_wind.csv
1172,REAL_TIME,Generator,wind_77-c,PMin MW,REAL_TIME_wind.csv
1173,REAL_TIME,Generator,wind_78-c,PMin MW,REAL_TIME_wind.csv
1174,REAL_TIME,Generator,wind_79-c,PMin MW,REAL_TIME_wind.csv
1175,REAL_TIME,Generator,wind_80-c,PMin MW,REAL_TIME_wind.csv
1176,REAL_TIME,Generator,wind_81-c,PMin MW,REAL_TIME_wind.csv
1177,REAL_TIME,Generator,wind_82-c,PMin MW,REAL_TIME_wind.csv
1178,REAL_TIME,Generator,wind_83-c,PMin MW,REAL_TIME_wind.csv
1179,REAL_TIME,Generator,wind_85-c,PMin MW,REAL_TIME_wind.csv
1180,REAL_TIME,Generator,wind_86-c,PMin MW,REAL_TIME_wind.csv
1181,REAL_TIME,Generator,wind_87-c,PMin MW,REAL_TIME_wind.csv
1182,REAL_TIME,Generator,wind_88-c,PMin MW,REAL_TIME_wind.csv
1183,REAL_TIME,Generator,wind_89-c,PMin MW,REAL_TIME_wind.csv
1184,REAL_TIME,Generator,wind_90-c,PMin MW,REAL_TIME_wind.csv
1185,REAL_TIME,Generator,wind_91-c,PMin MW,REAL_TIME_wind.csv
1186,REAL_TIME,Generator,wind_92-c,PMin MW,REAL_TIME_wind.csv
1187,REAL_TIME,Generator,wind_93-c,PMin MW,REAL_TIME_wind.csv
1188,REAL_TIME,Generator,wind_94-c,PMin MW,REAL_TIME_wind.csv
1189,REAL_TIME,Generator,wind_98-c,PMin MW,REAL_TIME_wind.csv
1190,REAL_TIME,Generator,wind_99-c,PMin MW,REAL_TIME_wind.csv
1191,REAL_TIME,Generator,wind_100-c,PMin MW,REAL_TIME_wind.csv
1192,REAL_TIME,Generator,wind_101-c,PMin MW,REAL_TIME_wind.csv
1193,REAL_TIME,Generator,wind_102-c,PMin MW,REAL_TIME_wind.csv
1194,REAL_TIME,Generator,wind_106-c,PMin MW,REAL_TIME_wind.csv
1195,REAL_TIME,Generator,wind_107-c,PMin MW,REAL_TIME_wind.csv
1196,REAL_TIME,Generator,wind_108-c,PMin MW,REAL_TIME_wind.csv
1197,REAL_TIME,Generator,wind_110-c,PMin MW,REAL_TIME_wind.csv
1198,REAL_TIME,Generator,wind_111-c,PMin MW,REAL_TIME_wind.csv
1199,REAL_TIME,Generator,wind_112-c,PMin MW,REAL_TIME_wind.csv
1200,REAL_TIME,Generator,wind_113-c,PMin MW,REAL_TIME_wind.csv
1201,REAL_TIME,Generator,wind_115-c,PMin MW,REAL_TIME_wind.csv
1202,REAL_TIME,Generator,wind_117-c,PMin MW,REAL_TIME_wind.csv
1203,REAL_TIME,Generator,wind_118-c,PMin MW,REAL_TIME_wind.csv
1204,REAL_TIME,Generator,wind_119-c,PMin MW,REAL_TIME_wind.csv
1205,REAL_TIME,Generator,wind_120-c,PMin MW,REAL_TIME_wind.csv
